booking_id,customer_id,location_id,room_number,room_type,room_rate,rooms_booked,num_persons,check_in,check_out,num_days_stayed,total_cost,payment_status
23450,1001,1,101,Single,50,3,3,2023-02-11 17:51,2023-02-17 22:10,6,900,Paid
23451,1002,4,102,Suite,150,2,8,2023-06-23 19:04,2023-07-03 16:20,9,2700,Paid
23452,1003,1,103,Single,50,1,1,2023-01-17 03:02,2023-01-24 14:13,7,350,Pending
23453,1004,2,104,Suite,150,2,4,2023-09-10 22:40,2023-09-20 22:12,9,2700,Pending
23454,1005,3,105,Suite,150,3,12,2023-12-14 18:59,2023-12-17 18:08,2,900,Paid
23455,1006,5,106,Suite,150,1,3,2023-07-13 05:10,2023-07-17 22:47,4,600,Paid
23456,1007,2,107,Single,50,3,3,2023-08-20 08:34,2023-08-27 01:26,6,900,Paid
23457,1008,1,108,Suite,150,3,12,2023-07-15 14:41,2023-07-19 06:51,3,1350,Paid
23458,1009,5,109,Single,50,1,1,2023-04-19 21:26,2023-04-30 09:30,10,500,Paid
23459,1010,4,110,Double,75,1,2,2023-03-06 03:08,2023-03-16 11:24,10,750,Pending
23460,1011,5,111,Double,75,2,2,2023-04-05 05:36,2023-04-12 13:10,7,1050,Pending
23461,1012,3,112,Single,50,1,1,2023-01-22 18:34,2023-01-31 10:44,8,400,Paid
23462,1013,1,113,Suite,150,1,2,2023-04-08 17:22,2023-04-13 02:36,4,600,Paid
23463,1014,4,114,Single,50,3,3,2023-10-10 01:30,2023-10-12 13:59,2,300,Pending
23464,1015,2,115,Double,75,1,2,2023-04-22 04:02,2023-04-25 16:41,3,225,Paid
23465,1016,4,116,Single,50,3,3,2023-12-11 05:02,2023-12-12 17:10,1,150,Pending
23466,1017,3,117,Suite,150,2,4,2023-01-08 14:21,2023-01-15 15:05,7,2100,Pending
23467,1018,3,118,Suite,150,1,1,2023-07-05 01:05,2023-07-15 10:37,10,1500,Paid
23468,1019,1,119,Suite,150,3,12,2023-01-17 06:26,2023-01-27 10:34,10,4500,Paid
23469,1020,5,120,Single,50,2,2,2023-01-30 08:15,2023-02-02 11:42,3,300,Paid
23470,1021,4,121,Suite,150,2,8,2023-04-13 15:30,2023-04-20 17:36,7,2100,Pending
23471,1022,2,122,Suite,150,1,3,2023-05-13 14:36,2023-05-22 23:00,9,1350,Paid
23472,1023,3,123,Suite,150,3,12,2023-07-25 20:11,2023-07-31 17:24,5,2250,Pending
23473,1024,3,124,Double,75,1,1,2023-06-01 08:02,2023-06-07 18:48,6,450,Paid
23474,1025,3,125,Suite,150,1,3,2023-02-18 00:48,2023-02-27 19:00,9,1350,Paid
23475,1026,2,126,Single,50,2,2,2023-03-28 12:36,2023-04-05 18:10,8,800,Pending
23476,1027,5,127,Single,50,3,3,2023-05-20 08:37,2023-05-25 08:50,5,750,Paid
23477,1028,3,128,Single,50,3,3,2023-03-28 10:15,2023-04-06 07:58,8,1200,Pending
23478,1029,5,129,Double,75,3,3,2023-02-15 14:00,2023-02-26 11:07,10,2250,Pending
23479,1030,5,130,Suite,150,3,6,2023-04-11 07:02,2023-04-18 12:59,7,3150,Pending
23480,1031,2,131,Suite,150,1,2,2023-05-01 00:40,2023-05-09 14:59,8,1200,Paid
23481,1032,1,132,Double,75,2,4,2023-06-23 05:41,2023-07-02 20:58,9,1350,Pending
23482,1033,1,133,Suite,150,1,2,2023-10-19 22:42,2023-10-23 11:08,3,450,Pending
23483,1034,5,134,Double,75,2,4,2023-11-07 23:13,2023-11-16 03:30,8,1200,Paid
23484,1035,1,135,Suite,150,2,4,2023-12-21 22:00,2023-12-28 04:39,6,1800,Paid
23485,1036,2,136,Single,50,3,3,2023-08-02 19:03,2023-08-06 01:02,3,450,Pending
23486,1037,3,137,Single,50,2,2,2023-03-12 19:30,2023-03-20 12:51,7,700,Pending
23487,1038,5,138,Suite,150,2,8,2023-11-07 19:44,2023-11-13 07:10,5,1500,Pending
23488,1039,4,139,Suite,150,2,6,2023-04-23 09:00,2023-04-28 18:42,5,1500,Pending
23489,1040,4,140,Double,75,2,2,2023-10-24 05:53,2023-10-25 10:16,1,150,Paid
23490,1041,4,141,Suite,150,3,12,2023-10-01 21:07,2023-10-07 13:00,5,2250,Pending
23491,1042,4,142,Double,75,3,3,2023-01-03 12:25,2023-01-09 20:35,6,1350,Pending
23492,1043,4,143,Single,50,1,1,2023-01-17 00:22,2023-01-18 17:04,1,50,Paid
23493,1044,2,144,Single,50,2,2,2023-09-25 08:15,2023-10-05 10:36,10,1000,Pending
23494,1045,1,145,Double,75,3,6,2023-06-04 03:00,2023-06-14 13:43,10,2250,Paid
23495,1046,5,146,Single,50,2,2,2023-05-07 03:18,2023-05-12 01:57,4,400,Pending
23496,1047,5,147,Suite,150,3,12,2023-10-31 09:24,2023-11-11 00:15,10,4500,Pending
23497,1048,1,148,Suite,150,1,3,2023-04-07 04:36,2023-04-08 07:30,1,150,Pending
23498,1049,1,149,Single,50,3,3,2023-07-13 01:05,2023-07-14 11:29,1,150,Pending
23499,1050,3,150,Single,50,2,2,2023-04-06 02:59,2023-04-14 19:46,8,800,Pending
23500,1051,2,151,Suite,150,1,4,2023-06-19 20:17,2023-06-29 12:04,9,1350,Paid
23501,1052,2,152,Double,75,2,4,2023-06-23 01:02,2023-06-29 01:20,6,900,Paid
23502,1053,4,153,Double,75,3,6,2023-09-04 08:51,2023-09-07 03:55,2,450,Pending
23503,1054,5,154,Double,75,3,6,2023-02-03 22:20,2023-02-14 03:37,10,2250,Paid
23504,1055,3,155,Suite,150,1,4,2023-05-01 09:47,2023-05-07 10:05,6,900,Paid
23505,1056,5,156,Suite,150,2,8,2023-02-11 13:21,2023-02-20 05:15,8,2400,Pending
23506,1057,5,157,Suite,150,1,4,2023-05-23 11:31,2023-05-29 06:42,5,750,Pending
23507,1058,1,158,Double,75,2,2,2023-08-15 15:11,2023-08-20 03:44,4,600,Paid
23508,1059,1,159,Double,75,1,1,2023-03-18 07:18,2023-03-24 16:44,6,450,Paid
23509,1060,1,160,Suite,150,3,6,2023-02-27 02:12,2023-03-06 08:27,7,3150,Pending
23510,1061,1,161,Suite,150,1,3,2023-08-18 18:27,2023-08-29 01:24,10,1500,Pending
23511,1062,1,162,Double,75,1,2,2023-04-10 20:53,2023-04-12 14:44,1,75,Paid
23512,1063,2,163,Single,50,2,2,2023-06-22 08:54,2023-06-28 05:01,5,500,Pending
23513,1064,1,164,Double,75,1,1,2023-03-21 09:16,2023-03-30 07:28,8,600,Paid
23514,1065,5,165,Double,75,3,6,2023-01-15 02:39,2023-01-17 23:13,2,450,Paid
23515,1066,1,166,Double,75,1,1,2023-08-23 14:12,2023-09-03 04:20,10,750,Pending
23516,1067,3,167,Single,50,2,2,2023-04-08 13:36,2023-04-09 18:27,1,100,Pending
23517,1068,1,168,Suite,150,1,2,2023-03-23 01:24,2023-04-02 10:29,10,1500,Paid
23518,1069,3,169,Suite,150,3,9,2023-05-23 16:26,2023-05-31 01:39,7,3150,Paid
23519,1070,1,170,Suite,150,2,8,2023-12-12 08:12,2023-12-13 17:02,1,300,Pending
23520,1071,2,171,Double,75,1,2,2023-04-17 18:18,2023-04-23 04:39,5,375,Pending
23521,1072,4,172,Single,50,3,3,2023-04-06 04:24,2023-04-12 16:59,6,900,Paid
23522,1073,4,173,Single,50,3,3,2023-05-02 11:11,2023-05-11 23:44,9,1350,Pending
23523,1074,1,174,Suite,150,3,9,2023-03-21 04:41,2023-03-23 11:44,2,900,Pending
23524,1075,1,175,Single,50,2,2,2023-01-13 03:22,2023-01-16 13:40,3,300,Paid
23525,1076,5,176,Suite,150,1,2,2023-07-29 05:58,2023-08-01 14:01,3,450,Pending
23526,1077,1,177,Double,75,2,2,2023-01-15 00:01,2023-01-23 11:18,8,1200,Pending
23527,1078,1,178,Double,75,3,6,2023-08-19 16:23,2023-08-27 05:30,7,1575,Pending
23528,1079,4,179,Suite,150,2,8,2023-03-19 11:15,2023-03-21 15:38,2,600,Pending
23529,1080,4,180,Suite,150,1,1,2023-02-22 07:56,2023-02-25 01:25,2,300,Pending
23530,1081,2,181,Single,50,1,1,2023-04-09 22:13,2023-04-12 16:54,2,100,Pending
23531,1082,3,182,Single,50,2,2,2023-12-28 13:47,2024-01-03 16:48,6,600,Pending
23532,1083,2,183,Double,75,2,2,2023-08-04 18:09,2023-08-08 19:05,4,600,Paid
23533,1084,1,184,Double,75,1,2,2023-04-10 18:15,2023-04-20 04:12,9,675,Paid
23534,1085,4,185,Suite,150,2,4,2023-12-23 19:32,2023-12-29 18:15,5,1500,Paid
23535,1086,3,186,Suite,150,2,6,2023-03-12 07:08,2023-03-22 22:17,10,3000,Pending
23536,1087,3,187,Single,50,2,2,2023-05-20 22:15,2023-05-31 02:13,10,1000,Pending
23537,1088,4,188,Double,75,3,3,2023-12-01 23:52,2023-12-03 02:42,1,225,Paid
23538,1089,1,189,Single,50,1,1,2023-12-05 03:26,2023-12-14 17:01,9,450,Paid
23539,1090,1,190,Single,50,1,1,2023-04-06 04:43,2023-04-12 23:26,6,300,Paid
23540,1091,4,191,Double,75,1,1,2023-05-02 15:10,2023-05-08 10:09,5,375,Pending
23541,1092,4,192,Double,75,2,4,2023-03-24 19:37,2023-03-30 06:09,5,750,Pending
23542,1093,2,193,Single,50,1,1,2023-07-17 12:56,2023-07-23 22:00,6,300,Pending
23543,1094,3,194,Suite,150,1,2,2023-04-19 07:37,2023-04-25 19:45,6,900,Paid
23544,1095,1,195,Double,75,3,3,2023-12-23 05:59,2023-12-24 09:19,1,225,Paid
23545,1096,2,196,Single,50,2,2,2023-03-22 01:09,2023-03-26 15:17,4,400,Paid
23546,1097,1,197,Suite,150,3,9,2023-05-17 21:34,2023-05-22 14:14,4,1800,Pending
23547,1098,4,198,Suite,150,3,9,2023-06-06 18:13,2023-06-14 18:23,8,3600,Paid
23548,1099,2,199,Single,50,2,2,2023-07-18 10:41,2023-07-21 06:41,2,200,Pending
23549,1100,5,200,Single,50,3,3,2023-12-12 20:32,2023-12-18 15:28,5,750,Paid
23550,1101,4,201,Suite,150,2,4,2023-09-25 05:51,2023-10-02 08:13,7,2100,Pending
23551,1102,2,202,Single,50,1,1,2023-06-16 07:48,2023-06-18 16:19,2,100,Paid
23552,1103,2,203,Double,75,1,2,2023-11-02 17:09,2023-11-12 17:17,10,750,Pending
23553,1104,2,204,Single,50,3,3,2023-10-02 05:09,2023-10-09 09:53,7,1050,Paid
23554,1105,4,205,Suite,150,3,3,2023-11-18 23:38,2023-11-29 18:09,10,4500,Paid
23555,1106,1,206,Single,50,2,2,2023-09-29 13:30,2023-10-02 14:58,3,300,Pending
23556,1107,3,207,Single,50,3,3,2023-07-03 07:42,2023-07-12 06:53,8,1200,Paid
23557,1108,1,208,Single,50,3,3,2023-12-03 10:11,2023-12-12 18:19,9,1350,Paid
23558,1109,2,209,Double,75,2,2,2023-11-04 18:15,2023-11-14 11:46,9,1350,Pending
23559,1110,3,210,Suite,150,1,3,2023-03-08 03:21,2023-03-12 04:56,4,600,Paid
23560,1111,4,211,Suite,150,1,2,2023-10-21 08:18,2023-10-25 08:22,4,600,Paid
23561,1112,3,212,Double,75,2,2,2023-10-30 20:13,2023-11-09 06:21,9,1350,Pending
23562,1113,4,213,Double,75,1,1,2023-01-27 16:40,2023-02-03 04:15,6,450,Paid
23563,1114,2,214,Double,75,1,1,2023-02-19 23:35,2023-03-02 00:31,10,750,Pending
23564,1115,5,215,Double,75,1,1,2023-11-14 23:02,2023-11-19 11:12,4,300,Pending
23565,1116,1,216,Single,50,3,3,2023-08-07 01:06,2023-08-12 19:03,5,750,Pending
23566,1117,2,217,Suite,150,3,6,2023-09-14 14:41,2023-09-19 04:17,4,1800,Paid
23567,1118,3,218,Suite,150,2,2,2023-10-06 13:45,2023-10-15 23:21,9,2700,Pending
23568,1119,1,219,Suite,150,1,4,2023-10-03 14:54,2023-10-08 09:55,4,600,Pending
23569,1120,3,220,Suite,150,3,3,2023-03-08 13:40,2023-03-11 14:07,3,1350,Pending
23570,1121,4,221,Suite,150,3,12,2023-05-17 10:39,2023-05-23 11:41,6,2700,Paid
23571,1122,1,222,Single,50,1,1,2023-01-10 04:10,2023-01-13 18:39,3,150,Pending
23572,1123,3,223,Suite,150,3,6,2023-01-19 21:20,2023-01-28 12:56,8,3600,Pending
23573,1124,2,224,Suite,150,2,2,2023-09-27 05:23,2023-10-07 18:01,10,3000,Paid
23574,1125,3,225,Suite,150,3,3,2023-07-18 05:31,2023-07-25 20:40,7,3150,Paid
23575,1126,3,226,Single,50,3,3,2023-01-13 13:20,2023-01-21 12:10,7,1050,Pending
23576,1127,2,227,Suite,150,2,2,2023-06-21 22:19,2023-07-01 08:36,9,2700,Paid
23577,1128,3,228,Single,50,2,2,2023-09-24 21:08,2023-10-03 13:22,8,800,Pending
23578,1129,4,229,Double,75,2,4,2023-05-10 07:50,2023-05-13 01:40,2,300,Paid
23579,1130,3,230,Suite,150,3,12,2023-03-20 05:18,2023-03-28 12:47,8,3600,Pending
23580,1131,3,231,Suite,150,2,6,2023-05-06 16:08,2023-05-09 05:50,2,600,Paid
23581,1132,4,232,Double,75,3,6,2023-01-09 12:12,2023-01-19 20:38,10,2250,Paid
23582,1133,3,233,Suite,150,2,2,2023-09-01 20:05,2023-09-08 21:31,7,2100,Pending
23583,1134,5,234,Suite,150,1,2,2023-10-12 15:30,2023-10-21 02:00,8,1200,Paid
23584,1135,5,235,Suite,150,3,6,2023-12-13 12:00,2023-12-19 22:46,6,2700,Pending
23585,1136,2,236,Double,75,3,3,2023-08-22 20:23,2023-08-26 18:51,3,675,Pending
23586,1137,5,237,Double,75,2,4,2023-08-29 14:33,2023-09-06 18:19,8,1200,Pending
23587,1138,1,238,Double,75,3,3,2023-12-10 12:56,2023-12-17 08:01,6,1350,Paid
23588,1139,1,239,Suite,150,1,1,2023-08-13 17:13,2023-08-15 20:26,2,300,Pending
23589,1140,4,240,Double,75,3,6,2023-09-13 12:33,2023-09-23 09:14,9,2025,Pending
23590,1141,3,241,Double,75,2,4,2023-06-27 21:21,2023-07-02 01:32,4,600,Pending
23591,1142,4,242,Single,50,2,2,2023-12-09 13:49,2023-12-15 03:05,5,500,Pending
23592,1143,2,243,Double,75,2,2,2023-03-24 23:01,2023-04-04 05:18,10,1500,Paid
23593,1144,3,244,Double,75,3,3,2023-03-22 09:58,2023-03-27 03:18,4,900,Pending
23594,1145,1,245,Suite,150,1,1,2023-07-15 18:03,2023-07-24 02:26,8,1200,Paid
23595,1146,5,246,Suite,150,2,8,2023-08-24 01:51,2023-09-02 00:51,8,2400,Paid
23596,1147,2,247,Double,75,2,4,2023-12-09 20:05,2023-12-12 08:27,2,300,Pending
23597,1148,1,248,Double,75,1,1,2023-02-10 03:03,2023-02-12 17:18,2,150,Pending
23598,1149,3,249,Single,50,3,3,2023-01-28 12:32,2023-01-31 17:27,3,450,Pending
23599,1150,1,250,Single,50,1,1,2023-03-22 07:45,2023-03-27 07:49,5,250,Paid
23600,1151,3,251,Suite,150,3,9,2023-06-13 15:56,2023-06-20 23:13,7,3150,Pending
23601,1152,1,252,Single,50,1,1,2023-02-15 01:46,2023-02-25 02:04,10,500,Pending
23602,1153,2,253,Single,50,3,3,2023-07-17 02:28,2023-07-22 02:05,4,600,Pending
23603,1154,3,254,Double,75,1,2,2023-12-03 20:38,2023-12-09 13:19,5,375,Paid
23604,1155,1,255,Single,50,1,1,2023-04-12 12:45,2023-04-18 05:23,5,250,Paid
23605,1156,2,256,Suite,150,3,6,2023-08-17 14:19,2023-08-19 19:30,2,900,Pending
23606,1157,5,257,Suite,150,2,2,2023-08-06 15:30,2023-08-12 08:44,5,1500,Pending
23607,1158,5,258,Single,50,1,1,2023-11-24 02:05,2023-11-29 00:57,4,200,Pending
23608,1159,4,259,Suite,150,3,9,2023-01-02 12:33,2023-01-10 22:54,8,3600,Paid
23609,1160,2,260,Single,50,3,3,2023-12-01 02:39,2023-12-07 06:14,6,900,Pending
23610,1161,4,261,Double,75,3,3,2023-09-14 04:26,2023-09-23 20:52,9,2025,Paid
23611,1162,2,262,Double,75,3,6,2023-01-05 20:48,2023-01-07 06:20,1,225,Paid
23612,1163,5,263,Suite,150,1,2,2023-04-13 09:07,2023-04-21 21:01,8,1200,Pending
23613,1164,5,264,Single,50,1,1,2023-05-17 00:44,2023-05-24 01:49,7,350,Pending
23614,1165,4,265,Double,75,2,4,2023-02-22 13:56,2023-02-25 03:55,2,300,Pending
23615,1166,3,266,Single,50,3,3,2023-04-05 05:42,2023-04-06 19:46,1,150,Paid
23616,1167,5,267,Single,50,3,3,2023-12-25 21:39,2023-12-30 12:53,4,600,Pending
23617,1168,3,268,Single,50,2,2,2023-05-12 14:57,2023-05-18 20:15,6,600,Pending
23618,1169,5,269,Double,75,3,3,2023-06-03 05:34,2023-06-12 14:39,9,2025,Pending
23619,1170,1,270,Double,75,2,2,2023-07-14 13:21,2023-07-19 22:44,5,750,Pending
23620,1171,1,271,Double,75,2,4,2023-03-09 18:20,2023-03-16 06:07,6,900,Pending
23621,1172,2,272,Double,75,1,2,2023-12-15 10:01,2023-12-17 22:02,2,150,Pending
23622,1173,3,273,Suite,150,2,8,2023-06-27 02:44,2023-07-06 23:27,9,2700,Paid
23623,1174,5,274,Double,75,1,2,2023-09-22 00:00,2023-09-23 05:32,1,75,Paid
23624,1175,2,275,Double,75,3,3,2023-12-04 19:08,2023-12-14 08:33,9,2025,Paid
23625,1176,4,276,Suite,150,1,3,2023-01-26 06:57,2023-01-31 04:10,4,600,Paid
23626,1177,1,277,Single,50,2,2,2023-01-26 03:36,2023-01-30 06:55,4,400,Pending
23627,1178,4,278,Suite,150,1,3,2023-07-15 17:21,2023-07-17 11:22,1,150,Pending
23628,1179,2,279,Single,50,1,1,2023-10-17 17:38,2023-10-28 13:53,10,500,Pending
23629,1180,4,280,Single,50,3,3,2023-06-05 13:31,2023-06-14 08:03,8,1200,Paid
23630,1181,2,281,Suite,150,3,12,2023-01-24 23:09,2023-02-03 03:34,9,4050,Pending
23631,1182,3,282,Double,75,3,6,2023-12-08 00:46,2023-12-13 14:58,5,1125,Pending
23632,1183,3,283,Single,50,2,2,2023-11-06 17:25,2023-11-11 15:48,4,400,Paid
23633,1184,3,284,Single,50,3,3,2023-10-15 04:24,2023-10-20 16:40,5,750,Pending
23634,1185,2,285,Suite,150,2,8,2023-12-20 00:22,2023-12-26 12:44,6,1800,Pending
23635,1186,3,286,Single,50,1,1,2023-09-04 12:47,2023-09-12 00:23,7,350,Paid
23636,1187,1,287,Double,75,3,6,2023-08-18 21:53,2023-08-20 05:23,1,225,Paid
23637,1188,1,288,Single,50,1,1,2023-03-14 23:20,2023-03-20 22:33,5,250,Paid
23638,1189,1,289,Suite,150,1,2,2023-10-13 04:19,2023-10-21 11:33,8,1200,Paid
23639,1190,2,290,Suite,150,3,6,2023-05-14 06:42,2023-05-21 02:17,6,2700,Pending
23640,1191,1,291,Suite,150,2,4,2023-05-08 17:24,2023-05-19 10:39,10,3000,Pending
23641,1192,5,292,Suite,150,2,4,2023-11-08 04:42,2023-11-16 06:29,8,2400,Pending
23642,1193,1,293,Double,75,1,2,2023-12-12 14:33,2023-12-17 11:29,4,300,Paid
23643,1194,3,294,Double,75,2,4,2023-02-15 16:51,2023-02-21 22:06,6,900,Pending
23644,1195,4,295,Single,50,3,3,2023-01-19 05:16,2023-01-27 23:05,8,1200,Paid
23645,1196,3,296,Single,50,2,2,2023-11-10 19:45,2023-11-19 23:53,9,900,Paid
23646,1197,1,297,Single,50,1,1,2023-08-07 07:21,2023-08-08 16:53,1,50,Pending
23647,1198,3,298,Suite,150,3,9,2023-10-22 07:38,2023-10-30 03:25,7,3150,Paid
23648,1199,5,299,Single,50,1,1,2023-11-12 09:52,2023-11-21 15:37,9,450,Pending
23649,1200,2,300,Suite,150,1,2,2023-10-12 09:17,2023-10-13 20:48,1,150,Pending
23650,1201,1,301,Double,75,3,3,2023-05-29 07:58,2023-06-06 04:27,7,1575,Pending
23651,1202,4,302,Suite,150,1,3,2023-01-18 19:05,2023-01-22 09:33,3,450,Pending
23652,1203,1,303,Single,50,1,1,2023-11-24 16:02,2023-12-02 18:38,8,400,Pending
23653,1204,1,304,Suite,150,1,1,2023-12-12 20:44,2023-12-23 17:28,10,1500,Pending
23654,1205,2,305,Double,75,2,4,2023-11-01 03:28,2023-11-05 19:20,4,600,Paid
23655,1206,1,306,Single,50,1,1,2023-01-16 03:29,2023-01-17 05:52,1,50,Pending
23656,1207,2,307,Double,75,1,2,2023-03-24 12:56,2023-03-30 15:34,6,450,Paid
23657,1208,2,308,Suite,150,3,3,2023-10-07 23:28,2023-10-14 23:15,6,2700,Pending
23658,1209,5,309,Single,50,3,3,2023-05-27 21:06,2023-05-30 17:27,2,300,Pending
23659,1210,1,310,Double,75,1,2,2023-12-24 02:52,2023-12-28 04:16,4,300,Pending
23660,1211,5,311,Double,75,1,1,2023-10-30 01:28,2023-11-09 12:03,10,750,Pending
23661,1212,4,312,Double,75,1,2,2023-03-18 15:38,2023-03-21 00:13,2,150,Paid
23662,1213,4,313,Suite,150,3,3,2023-01-15 19:57,2023-01-22 09:38,6,2700,Paid
23663,1214,5,314,Single,50,3,3,2023-01-18 12:33,2023-01-22 15:09,4,600,Pending
23664,1215,2,315,Single,50,2,2,2023-11-15 01:51,2023-11-24 17:54,9,900,Paid
23665,1216,5,316,Suite,150,3,9,2023-03-18 15:04,2023-03-28 04:58,9,4050,Paid
23666,1217,3,317,Double,75,3,3,2023-06-11 18:12,2023-06-16 03:39,4,900,Pending
23667,1218,4,318,Double,75,2,2,2023-05-30 23:43,2023-06-10 21:17,10,1500,Paid
23668,1219,5,319,Double,75,1,1,2023-09-26 20:48,2023-10-02 02:26,5,375,Pending
23669,1220,3,320,Double,75,2,4,2023-12-13 04:25,2023-12-16 08:17,3,450,Paid
23670,1221,5,321,Single,50,1,1,2023-05-07 14:15,2023-05-17 13:01,9,450,Paid
23671,1222,4,322,Double,75,3,6,2023-09-26 00:29,2023-10-03 10:12,7,1575,Pending
23672,1223,2,323,Double,75,1,2,2023-02-15 15:13,2023-02-18 20:50,3,225,Pending
23673,1224,5,324,Double,75,2,2,2023-03-26 11:03,2023-04-05 23:41,10,1500,Paid
23674,1225,5,325,Suite,150,1,3,2023-12-28 21:53,2024-01-07 11:24,9,1350,Pending
23675,1226,5,326,Double,75,2,2,2023-01-28 15:57,2023-02-01 06:10,3,450,Pending
23676,1227,3,327,Double,75,3,3,2023-10-08 05:23,2023-10-16 08:08,8,1800,Paid
23677,1228,5,328,Single,50,3,3,2023-09-12 11:26,2023-09-18 11:06,5,750,Pending
23678,1229,4,329,Double,75,2,4,2023-02-08 04:28,2023-02-10 10:16,2,300,Paid
23679,1230,2,330,Suite,150,2,8,2023-01-26 04:33,2023-01-30 06:50,4,1200,Paid
23680,1231,1,331,Double,75,1,1,2023-05-10 01:27,2023-05-18 11:38,8,600,Pending
23681,1232,3,332,Single,50,3,3,2023-04-27 11:35,2023-05-05 23:31,8,1200,Pending
23682,1233,2,333,Double,75,3,6,2023-04-18 00:27,2023-04-23 08:08,5,1125,Pending
23683,1234,4,334,Double,75,3,6,2023-08-02 05:49,2023-08-06 02:36,3,675,Pending
23684,1235,4,335,Double,75,2,4,2023-01-23 19:27,2023-01-25 04:46,1,150,Pending
23685,1236,4,336,Suite,150,2,8,2023-12-24 00:51,2023-12-30 16:15,6,1800,Pending
23686,1237,2,337,Double,75,2,2,2023-10-09 13:04,2023-10-13 12:22,3,450,Pending
23687,1238,1,338,Single,50,2,2,2023-03-29 05:17,2023-03-31 16:01,2,200,Paid
23688,1239,5,339,Double,75,1,2,2023-11-14 20:07,2023-11-25 19:42,10,750,Paid
23689,1240,4,340,Suite,150,1,4,2023-11-06 09:27,2023-11-14 17:18,8,1200,Paid
23690,1241,1,341,Single,50,1,1,2023-09-05 11:36,2023-09-07 20:42,2,100,Paid
23691,1242,5,342,Single,50,3,3,2023-08-21 17:49,2023-08-26 14:46,4,600,Paid
23692,1243,1,343,Double,75,1,1,2023-04-25 01:52,2023-05-03 02:31,8,600,Paid
23693,1244,4,344,Single,50,3,3,2023-06-18 10:34,2023-06-28 01:44,9,1350,Pending
23694,1245,5,345,Single,50,3,3,2023-06-10 03:44,2023-06-12 08:49,2,300,Pending
23695,1246,1,346,Single,50,1,1,2023-07-14 10:29,2023-07-16 14:56,2,100,Pending
23696,1247,4,347,Single,50,3,3,2023-10-12 20:10,2023-10-21 19:11,8,1200,Pending
23697,1248,2,348,Double,75,2,4,2023-01-28 05:06,2023-02-01 14:21,4,600,Pending
23698,1249,3,349,Double,75,2,4,2023-08-09 14:19,2023-08-10 14:46,1,150,Paid
23699,1250,2,350,Suite,150,1,1,2023-04-16 23:58,2023-04-25 13:28,8,1200,Paid
23700,1251,3,351,Single,50,3,3,2023-09-01 06:02,2023-09-09 17:23,8,1200,Pending
23701,1252,1,352,Suite,150,3,9,2023-09-24 03:51,2023-10-03 12:41,9,4050,Paid
23702,1253,2,353,Double,75,3,3,2023-11-30 16:53,2023-12-05 14:00,4,900,Pending
23703,1254,4,354,Double,75,3,6,2023-04-02 02:33,2023-04-11 13:55,9,2025,Paid
23704,1255,1,355,Suite,150,2,6,2023-07-23 15:12,2023-08-02 14:51,9,2700,Paid
23705,1256,1,356,Suite,150,2,6,2023-02-03 20:05,2023-02-09 12:48,5,1500,Pending
23706,1257,3,357,Single,50,2,2,2023-07-24 18:26,2023-08-01 23:18,8,800,Paid
23707,1258,2,358,Double,75,1,2,2023-08-11 22:07,2023-08-18 11:54,6,450,Paid
23708,1259,3,359,Single,50,2,2,2023-06-12 00:04,2023-06-16 17:49,4,400,Paid
23709,1260,4,360,Suite,150,3,9,2023-10-20 00:55,2023-10-26 06:40,6,2700,Pending
23710,1261,2,361,Single,50,1,1,2023-03-22 18:38,2023-03-27 06:32,4,200,Paid
23711,1262,5,362,Single,50,1,1,2023-03-13 03:48,2023-03-14 04:56,1,50,Pending
23712,1263,4,363,Double,75,3,3,2023-09-07 07:16,2023-09-13 16:12,6,1350,Pending
23713,1264,5,364,Double,75,3,3,2023-04-27 13:49,2023-05-04 05:31,6,1350,Pending
23714,1265,3,365,Single,50,1,1,2023-07-01 20:08,2023-07-05 06:31,3,150,Paid
23715,1266,5,366,Single,50,2,2,2023-01-06 09:53,2023-01-16 00:55,9,900,Paid
23716,1267,2,367,Single,50,1,1,2023-10-13 07:38,2023-10-14 10:37,1,50,Pending
23717,1268,2,368,Single,50,1,1,2023-09-17 15:38,2023-09-22 08:30,4,200,Paid
23718,1269,4,369,Single,50,3,3,2023-12-14 03:18,2023-12-19 05:03,5,750,Paid
23719,1270,1,370,Suite,150,2,6,2023-06-20 16:21,2023-06-23 04:22,2,600,Paid
23720,1271,4,371,Single,50,3,3,2023-05-05 15:00,2023-05-07 01:30,1,150,Paid
23721,1272,3,372,Double,75,3,6,2023-03-09 19:37,2023-03-16 02:06,6,1350,Pending
23722,1273,4,373,Double,75,3,6,2023-12-04 13:50,2023-12-06 11:54,1,225,Pending
23723,1274,5,374,Double,75,1,1,2023-05-24 19:20,2023-05-31 11:24,6,450,Pending
23724,1275,3,375,Single,50,3,3,2023-03-18 08:09,2023-03-20 17:12,2,300,Paid
23725,1276,1,376,Double,75,3,6,2023-11-28 03:22,2023-12-04 14:04,6,1350,Paid
23726,1277,4,377,Suite,150,1,4,2023-12-05 15:16,2023-12-16 06:14,10,1500,Paid
23727,1278,4,378,Single,50,3,3,2023-01-14 07:02,2023-01-17 02:07,2,300,Paid
23728,1279,4,379,Suite,150,3,12,2023-05-30 11:30,2023-06-04 18:29,5,2250,Paid
23729,1280,5,380,Suite,150,2,8,2023-07-09 01:58,2023-07-14 23:12,5,1500,Pending
23730,1281,3,381,Single,50,1,1,2023-10-15 15:02,2023-10-25 00:25,9,450,Paid
23731,1282,3,382,Suite,150,1,3,2023-07-23 07:45,2023-07-27 06:40,3,450,Pending
23732,1283,2,383,Double,75,3,6,2023-08-19 02:36,2023-08-21 20:33,2,450,Pending
23733,1284,3,384,Single,50,2,2,2023-03-07 08:19,2023-03-09 05:05,1,100,Paid
23734,1285,5,385,Suite,150,3,3,2023-06-01 20:09,2023-06-12 13:08,10,4500,Pending
23735,1286,3,386,Single,50,1,1,2023-07-26 11:48,2023-07-31 07:20,4,200,Pending
23736,1287,2,387,Suite,150,3,9,2023-04-01 19:13,2023-04-04 03:48,2,900,Pending
23737,1288,3,388,Suite,150,1,4,2023-07-06 19:30,2023-07-14 02:13,7,1050,Paid
23738,1289,4,389,Double,75,1,2,2023-04-03 07:05,2023-04-10 01:08,6,450,Pending
23739,1290,4,390,Single,50,2,2,2023-09-12 22:27,2023-09-17 18:45,4,400,Paid
23740,1291,4,391,Double,75,2,4,2023-11-13 13:45,2023-11-21 19:43,8,1200,Paid
23741,1292,5,392,Single,50,2,2,2023-05-02 20:32,2023-05-13 17:29,10,1000,Pending
23742,1293,2,393,Single,50,3,3,2023-10-20 07:57,2023-10-30 05:50,9,1350,Pending
23743,1294,5,394,Double,75,1,2,2023-03-26 04:33,2023-03-29 03:04,2,150,Pending
23744,1295,3,395,Single,50,2,2,2023-03-29 16:01,2023-04-02 23:55,4,400,Paid
23745,1296,4,396,Double,75,2,4,2023-05-28 14:28,2023-06-05 17:47,8,1200,Pending
23746,1297,5,397,Single,50,1,1,2023-08-11 02:07,2023-08-19 03:52,8,400,Paid
23747,1298,3,398,Double,75,3,6,2023-01-26 15:51,2023-01-28 07:20,1,225,Paid
23748,1299,4,399,Single,50,3,3,2023-11-11 06:17,2023-11-12 13:50,1,150,Paid
23749,1300,2,400,Single,50,1,1,2023-05-26 09:28,2023-06-03 14:45,8,400,Pending
23750,1301,5,401,Double,75,3,3,2023-09-16 03:36,2023-09-17 05:54,1,225,Pending
23751,1302,4,402,Double,75,1,1,2023-04-24 01:19,2023-04-26 20:15,2,150,Pending
23752,1303,4,403,Single,50,2,2,2023-04-03 12:46,2023-04-07 12:57,4,400,Paid
23753,1304,5,404,Suite,150,2,6,2023-12-05 16:23,2023-12-16 06:38,10,3000,Pending
23754,1305,1,405,Single,50,2,2,2023-01-29 09:58,2023-02-05 10:36,7,700,Paid
23755,1306,1,406,Double,75,2,4,2023-08-05 20:03,2023-08-13 03:46,7,1050,Paid
23756,1307,4,407,Single,50,3,3,2023-04-16 06:39,2023-04-22 01:29,5,750,Pending
23757,1308,2,408,Suite,150,2,8,2023-12-11 07:37,2023-12-17 00:51,5,1500,Pending
23758,1309,3,409,Suite,150,2,4,2023-10-31 14:32,2023-11-07 03:12,6,1800,Paid
23759,1310,2,410,Single,50,1,1,2023-09-19 05:41,2023-09-29 23:01,10,500,Pending
23760,1311,5,411,Single,50,1,1,2023-10-28 21:41,2023-11-07 18:22,9,450,Pending
23761,1312,3,412,Suite,150,2,8,2023-06-20 17:02,2023-06-29 10:42,8,2400,Pending
23762,1313,2,413,Double,75,2,4,2023-11-11 06:39,2023-11-17 22:03,6,900,Pending
23763,1314,1,414,Suite,150,2,6,2023-12-06 22:17,2023-12-10 05:33,3,900,Paid
23764,1315,5,415,Suite,150,3,12,2023-10-02 23:24,2023-10-12 19:03,9,4050,Paid
23765,1316,2,416,Suite,150,3,6,2023-03-01 08:51,2023-03-08 07:23,6,2700,Pending
23766,1317,3,417,Double,75,1,1,2023-07-16 16:35,2023-07-19 23:53,3,225,Paid
23767,1318,1,418,Double,75,2,4,2023-11-07 05:24,2023-11-16 21:05,9,1350,Pending
23768,1319,2,419,Double,75,1,2,2023-02-09 22:08,2023-02-20 13:53,10,750,Pending
23769,1320,5,420,Double,75,3,3,2023-04-25 03:00,2023-04-27 18:09,2,450,Pending
23770,1321,4,421,Single,50,3,3,2023-09-08 16:13,2023-09-11 14:58,2,300,Paid
23771,1322,5,422,Single,50,3,3,2023-03-29 00:19,2023-04-03 22:37,5,750,Pending
23772,1323,3,423,Suite,150,1,1,2023-07-30 06:26,2023-07-31 07:06,1,150,Pending
23773,1324,4,424,Suite,150,1,3,2023-12-25 04:15,2023-12-31 22:56,6,900,Paid
23774,1325,1,425,Single,50,2,2,2023-07-29 01:21,2023-08-01 20:03,3,300,Paid
23775,1326,1,426,Double,75,2,4,2023-04-24 16:32,2023-04-29 02:20,4,600,Pending
23776,1327,5,427,Double,75,2,4,2023-06-03 23:15,2023-06-11 17:43,7,1050,Pending
23777,1328,2,428,Suite,150,3,6,2023-01-08 22:36,2023-01-18 00:54,9,4050,Paid
23778,1329,2,429,Double,75,1,2,2023-01-09 03:16,2023-01-18 09:13,9,675,Paid
23779,1330,1,430,Double,75,1,1,2023-07-07 18:25,2023-07-10 06:33,2,150,Paid
23780,1331,3,431,Single,50,1,1,2023-07-04 16:06,2023-07-10 19:28,6,300,Paid
23781,1332,1,432,Double,75,3,3,2023-11-30 08:13,2023-12-09 13:31,9,2025,Paid
23782,1333,4,433,Single,50,2,2,2023-09-27 23:15,2023-10-08 07:57,10,1000,Paid
23783,1334,2,434,Suite,150,3,6,2023-07-16 15:47,2023-07-20 14:45,3,1350,Pending
23784,1335,5,435,Single,50,1,1,2023-12-24 11:41,2024-01-03 20:21,10,500,Paid
23785,1336,1,436,Suite,150,1,1,2023-02-02 10:33,2023-02-07 14:54,5,750,Paid
23786,1337,1,437,Single,50,1,1,2023-04-28 03:32,2023-05-03 20:24,5,250,Pending
23787,1338,2,438,Suite,150,1,4,2023-01-18 20:12,2023-01-20 01:25,1,150,Pending
23788,1339,4,439,Suite,150,2,4,2023-06-25 16:07,2023-06-27 01:18,1,300,Pending
23789,1340,5,440,Suite,150,1,2,2023-03-26 12:06,2023-03-31 09:37,4,600,Pending
23790,1341,2,441,Single,50,2,2,2023-06-12 15:00,2023-06-14 03:37,1,100,Pending
23791,1342,3,442,Double,75,1,1,2023-11-06 00:06,2023-11-16 17:15,10,750,Paid
23792,1343,2,443,Double,75,1,1,2023-05-06 02:31,2023-05-14 01:17,7,525,Pending
23793,1344,4,444,Suite,150,1,1,2023-04-10 23:20,2023-04-16 02:41,5,750,Pending
23794,1345,1,445,Suite,150,3,6,2023-01-11 03:54,2023-01-18 14:50,7,3150,Pending
23795,1346,4,446,Single,50,3,3,2023-03-17 09:53,2023-03-28 01:11,10,1500,Pending
23796,1347,3,447,Suite,150,3,12,2023-06-12 16:44,2023-06-17 17:51,5,2250,Paid
23797,1348,3,448,Suite,150,3,12,2023-09-12 12:13,2023-09-16 18:44,4,1800,Pending
23798,1349,5,449,Single,50,1,1,2023-02-16 02:28,2023-02-21 16:10,5,250,Paid
23799,1350,4,450,Suite,150,3,12,2023-11-04 17:52,2023-11-06 11:48,1,450,Paid
23800,1351,4,451,Suite,150,1,4,2023-07-12 00:36,2023-07-22 03:56,10,1500,Pending
23801,1352,2,452,Double,75,1,1,2023-12-15 18:59,2023-12-21 08:41,5,375,Paid
23802,1353,3,453,Suite,150,3,6,2023-05-13 19:45,2023-05-18 21:46,5,2250,Pending
23803,1354,4,454,Double,75,3,6,2023-08-08 07:09,2023-08-14 10:21,6,1350,Pending
23804,1355,1,455,Suite,150,1,3,2023-09-04 07:10,2023-09-08 20:19,4,600,Pending
23805,1356,2,456,Double,75,1,1,2023-08-23 20:59,2023-08-24 21:34,1,75,Pending
23806,1357,5,457,Suite,150,3,3,2023-12-28 11:47,2024-01-07 03:17,9,4050,Paid
23807,1358,2,458,Double,75,1,2,2023-09-30 02:52,2023-10-03 06:35,3,225,Pending
23808,1359,4,459,Single,50,1,1,2023-08-19 01:23,2023-08-20 07:11,1,50,Pending
23809,1360,5,460,Double,75,3,6,2023-06-17 03:45,2023-06-22 16:18,5,1125,Pending
23810,1361,1,461,Double,75,3,6,2023-01-23 09:34,2023-01-29 12:58,6,1350,Pending
23811,1362,5,462,Suite,150,2,8,2023-12-21 19:21,2023-12-29 00:55,7,2100,Pending
23812,1363,3,463,Suite,150,1,3,2023-09-05 07:05,2023-09-10 05:18,4,600,Pending
23813,1364,2,464,Double,75,2,2,2023-04-04 03:10,2023-04-14 20:56,10,1500,Pending
23814,1365,3,465,Single,50,3,3,2023-02-26 16:32,2023-03-07 14:18,8,1200,Paid
23815,1366,4,466,Suite,150,1,2,2023-12-14 19:26,2023-12-16 22:25,2,300,Paid
23816,1367,4,467,Suite,150,3,9,2023-01-25 19:57,2023-02-03 16:01,8,3600,Pending
23817,1368,1,468,Suite,150,2,6,2023-07-08 17:40,2023-07-18 10:44,9,2700,Pending
23818,1369,5,469,Single,50,1,1,2023-05-06 05:01,2023-05-13 05:35,7,350,Paid
23819,1370,3,470,Single,50,2,2,2023-11-09 08:57,2023-11-16 17:21,7,700,Paid
23820,1371,3,471,Single,50,2,2,2023-12-20 17:32,2023-12-23 11:33,2,200,Paid
23821,1372,5,472,Suite,150,2,6,2023-09-18 18:09,2023-09-20 11:22,1,300,Paid
23822,1373,4,473,Single,50,3,3,2023-07-28 04:12,2023-08-03 19:18,6,900,Pending
23823,1374,3,474,Double,75,3,6,2023-09-20 22:08,2023-09-26 12:31,5,1125,Pending
23824,1375,3,475,Suite,150,1,3,2023-08-08 09:00,2023-08-19 04:29,10,1500,Pending
23825,1376,5,476,Suite,150,2,8,2023-02-12 18:11,2023-02-18 06:12,5,1500,Pending
23826,1377,5,477,Double,75,3,3,2023-12-06 12:37,2023-12-10 21:40,4,900,Pending
23827,1378,1,478,Suite,150,2,6,2023-03-13 13:52,2023-03-19 04:01,5,1500,Paid
23828,1379,1,479,Double,75,2,2,2023-09-28 22:29,2023-10-02 17:15,3,450,Pending
23829,1380,1,480,Single,50,2,2,2023-02-25 11:35,2023-02-27 01:06,1,100,Paid
23830,1381,5,481,Single,50,1,1,2023-06-11 07:12,2023-06-19 16:02,8,400,Pending
23831,1382,1,482,Suite,150,1,1,2023-07-06 00:23,2023-07-11 01:59,5,750,Pending
23832,1383,2,483,Suite,150,1,2,2023-09-01 18:19,2023-09-11 20:19,10,1500,Paid
23833,1384,4,484,Suite,150,2,6,2023-06-07 21:19,2023-06-14 09:15,6,1800,Pending
23834,1385,5,485,Suite,150,3,9,2023-03-21 06:39,2023-03-31 12:36,10,4500,Paid
23835,1386,4,486,Single,50,2,2,2023-08-12 07:03,2023-08-20 20:14,8,800,Paid
23836,1387,5,487,Double,75,3,6,2023-02-06 17:33,2023-02-10 00:29,3,675,Paid
23837,1388,4,488,Suite,150,3,9,2023-02-11 02:16,2023-02-16 01:05,4,1800,Paid
23838,1389,4,489,Suite,150,1,4,2023-09-11 04:57,2023-09-20 07:06,9,1350,Paid
23839,1390,3,490,Single,50,1,1,2023-02-28 02:01,2023-03-05 00:28,4,200,Paid
23840,1391,1,491,Double,75,2,2,2023-11-12 21:39,2023-11-15 14:31,2,300,Paid
23841,1392,4,492,Double,75,2,2,2023-09-09 17:16,2023-09-20 05:31,10,1500,Paid
23842,1393,1,493,Suite,150,2,6,2023-04-26 16:02,2023-05-01 23:16,5,1500,Paid
23843,1394,5,494,Suite,150,2,6,2023-02-19 21:07,2023-02-24 06:57,4,1200,Paid
23844,1395,2,495,Suite,150,3,12,2023-12-13 13:11,2023-12-14 21:24,1,450,Paid
23845,1396,4,496,Single,50,2,2,2023-09-28 06:05,2023-10-08 07:23,10,1000,Pending
23846,1397,3,497,Suite,150,1,1,2023-01-14 18:58,2023-01-24 17:08,9,1350,Pending
23847,1398,4,498,Single,50,2,2,2023-12-25 03:58,2023-12-27 01:16,1,100,Pending
23848,1399,5,499,Double,75,2,4,2023-09-07 19:01,2023-09-14 07:44,6,900,Paid
23849,1400,3,500,Double,75,2,4,2023-07-20 01:07,2023-07-30 10:52,10,1500,Pending
23850,1401,2,501,Single,50,1,1,2023-01-14 10:11,2023-01-16 23:24,2,100,Paid
23851,1402,1,502,Double,75,2,2,2023-08-19 18:55,2023-08-28 14:08,8,1200,Paid
23852,1403,3,503,Single,50,1,1,2023-08-12 07:41,2023-08-22 14:59,10,500,Paid
23853,1404,5,504,Single,50,1,1,2023-07-04 01:57,2023-07-07 03:53,3,150,Paid
23854,1405,3,505,Suite,150,3,6,2023-02-11 17:55,2023-02-21 03:21,9,4050,Pending
23855,1406,1,506,Suite,150,3,9,2023-02-28 06:29,2023-03-10 15:26,10,4500,Pending
23856,1407,5,507,Suite,150,3,6,2023-07-30 16:29,2023-08-06 08:21,6,2700,Pending
23857,1408,3,508,Suite,150,1,1,2023-07-16 15:11,2023-07-21 17:16,5,750,Paid
23858,1409,4,509,Suite,150,1,1,2023-11-02 17:24,2023-11-08 16:48,5,750,Paid
23859,1410,1,510,Double,75,3,6,2023-04-30 03:28,2023-05-06 14:42,6,1350,Pending
23860,1411,1,511,Single,50,1,1,2023-09-10 00:08,2023-09-14 11:59,4,200,Pending
23861,1412,5,512,Single,50,3,3,2023-01-05 05:54,2023-01-10 10:55,5,750,Pending
23862,1413,3,513,Double,75,1,2,2023-08-15 23:02,2023-08-20 05:24,4,300,Pending
23863,1414,3,514,Single,50,2,2,2023-05-28 05:00,2023-06-02 00:40,4,400,Paid
23864,1415,5,515,Suite,150,3,9,2023-11-21 03:35,2023-11-25 09:54,4,1800,Paid
23865,1416,1,516,Suite,150,3,3,2023-01-22 06:41,2023-02-01 15:14,10,4500,Pending
23866,1417,2,517,Single,50,1,1,2023-03-18 16:46,2023-03-22 14:31,3,150,Paid
23867,1418,5,518,Double,75,1,1,2023-11-12 12:24,2023-11-21 13:34,9,675,Pending
23868,1419,3,519,Single,50,1,1,2023-02-25 14:28,2023-03-03 01:21,5,250,Paid
23869,1420,4,520,Single,50,3,3,2023-05-18 14:36,2023-05-19 21:28,1,150,Paid
23870,1421,2,521,Double,75,1,2,2023-05-24 07:16,2023-05-25 20:13,1,75,Paid
23871,1422,5,522,Single,50,3,3,2023-01-20 04:27,2023-01-26 14:07,6,900,Pending
23872,1423,1,523,Double,75,1,2,2023-03-21 00:31,2023-03-27 14:37,6,450,Paid
23873,1424,2,524,Single,50,3,3,2023-07-31 23:00,2023-08-08 03:41,7,1050,Pending
23874,1425,1,525,Single,50,1,1,2023-02-08 10:00,2023-02-15 12:20,7,350,Paid
23875,1426,4,526,Double,75,2,2,2023-09-09 12:51,2023-09-20 09:05,10,1500,Pending
23876,1427,4,527,Suite,150,2,8,2023-08-20 10:26,2023-08-29 11:51,9,2700,Pending
23877,1428,2,528,Double,75,2,4,2023-03-11 05:06,2023-03-14 05:16,3,450,Pending
23878,1429,4,529,Suite,150,1,4,2023-01-26 14:50,2023-02-06 06:25,10,1500,Paid
23879,1430,2,530,Suite,150,3,9,2023-06-16 13:51,2023-06-19 08:31,2,900,Pending
23880,1431,3,531,Double,75,1,1,2023-03-24 01:30,2023-03-31 15:24,7,525,Pending
23881,1432,1,532,Suite,150,2,2,2023-04-16 04:14,2023-04-24 15:40,8,2400,Paid
23882,1433,2,533,Double,75,2,2,2023-04-20 10:57,2023-04-30 06:14,9,1350,Pending
23883,1434,1,534,Suite,150,2,4,2023-07-13 03:08,2023-07-17 00:50,3,900,Paid
23884,1435,3,535,Single,50,1,1,2023-04-26 04:19,2023-05-01 15:59,5,250,Pending
23885,1436,2,536,Single,50,1,1,2023-01-20 06:21,2023-01-21 20:02,1,50,Pending
23886,1437,2,537,Suite,150,2,4,2023-04-07 08:12,2023-04-15 05:27,7,2100,Pending
23887,1438,2,538,Double,75,2,4,2023-08-22 12:25,2023-08-31 02:02,8,1200,Pending
23888,1439,4,539,Double,75,3,6,2023-10-28 08:52,2023-11-02 23:13,5,1125,Paid
23889,1440,3,540,Double,75,3,6,2023-08-21 23:59,2023-08-30 02:07,8,1800,Paid
23890,1441,3,541,Single,50,1,1,2023-12-11 07:30,2023-12-22 02:49,10,500,Paid
23891,1442,2,542,Suite,150,1,1,2023-10-12 00:46,2023-10-13 16:07,1,150,Paid
23892,1443,4,543,Suite,150,3,3,2023-11-17 17:56,2023-11-27 03:18,9,4050,Pending
23893,1444,5,544,Double,75,3,3,2023-10-15 04:41,2023-10-25 22:31,10,2250,Paid
23894,1445,1,545,Single,50,2,2,2023-08-22 12:11,2023-09-01 23:09,10,1000,Paid
23895,1446,3,546,Suite,150,1,2,2023-11-10 02:38,2023-11-13 10:48,3,450,Pending
23896,1447,4,547,Double,75,1,1,2023-03-21 08:26,2023-03-23 15:49,2,150,Pending
23897,1448,5,548,Suite,150,3,12,2023-12-11 07:14,2023-12-19 09:40,8,3600,Pending
23898,1449,4,549,Double,75,1,2,2023-03-09 21:24,2023-03-15 16:39,5,375,Pending
23899,1450,4,550,Suite,150,2,2,2023-02-09 13:44,2023-02-11 10:16,1,300,Paid
23900,1451,5,551,Suite,150,3,9,2023-03-10 23:08,2023-03-21 13:12,10,4500,Pending
23901,1452,1,552,Double,75,2,2,2023-01-03 14:24,2023-01-05 11:44,1,150,Pending
23902,1453,3,553,Single,50,1,1,2023-10-27 12:25,2023-11-02 20:59,6,300,Paid
23903,1454,2,554,Single,50,3,3,2023-11-05 15:31,2023-11-06 19:37,1,150,Paid
23904,1455,2,555,Single,50,1,1,2023-06-29 14:39,2023-07-10 01:37,10,500,Pending
23905,1456,2,556,Single,50,3,3,2023-07-08 22:01,2023-07-19 20:34,10,1500,Pending
23906,1457,2,557,Single,50,3,3,2023-12-03 22:54,2023-12-07 23:11,4,600,Paid
23907,1458,4,558,Single,50,2,2,2023-10-28 15:08,2023-11-02 20:22,5,500,Paid
23908,1459,1,559,Double,75,1,1,2023-07-13 17:37,2023-07-20 12:10,6,450,Pending
23909,1460,5,560,Single,50,2,2,2023-11-19 05:22,2023-11-25 17:18,6,600,Paid
23910,1461,4,561,Single,50,3,3,2023-12-26 00:21,2023-12-30 12:47,4,600,Pending
23911,1462,4,562,Suite,150,2,4,2023-09-22 00:10,2023-09-23 22:36,1,300,Paid
23912,1463,3,563,Double,75,2,2,2023-08-01 18:05,2023-08-12 16:09,10,1500,Paid
23913,1464,3,564,Double,75,3,6,2023-05-21 23:11,2023-05-24 16:13,2,450,Paid
23914,1465,4,565,Single,50,2,2,2023-01-03 04:37,2023-01-08 16:35,5,500,Pending
23915,1466,3,566,Suite,150,1,4,2023-02-19 00:16,2023-02-24 11:09,5,750,Paid
23916,1467,3,567,Suite,150,1,2,2023-09-24 11:50,2023-10-03 13:12,9,1350,Pending
23917,1468,1,568,Suite,150,2,8,2023-05-09 09:56,2023-05-20 05:56,10,3000,Pending
23918,1469,4,569,Suite,150,2,4,2023-08-16 09:33,2023-08-21 04:02,4,1200,Pending
23919,1470,4,570,Suite,150,2,4,2023-06-13 05:17,2023-06-18 14:49,5,1500,Paid
23920,1471,2,571,Single,50,1,1,2023-07-17 17:40,2023-07-21 04:40,3,150,Paid
23921,1472,3,572,Double,75,3,6,2023-09-06 02:58,2023-09-09 12:48,3,675,Pending
23922,1473,2,573,Double,75,1,2,2023-08-28 03:14,2023-09-04 07:20,7,525,Pending
23923,1474,3,574,Single,50,1,1,2023-09-14 09:17,2023-09-23 21:32,9,450,Pending
23924,1475,1,575,Single,50,1,1,2023-07-27 13:08,2023-08-02 04:31,5,250,Paid
23925,1476,4,576,Single,50,3,3,2023-09-18 21:39,2023-09-23 01:24,4,600,Paid
23926,1477,1,577,Single,50,3,3,2023-02-16 12:39,2023-02-24 05:00,7,1050,Paid
23927,1478,3,578,Single,50,3,3,2023-10-28 13:29,2023-11-06 20:51,9,1350,Pending
23928,1479,3,579,Suite,150,3,9,2023-12-02 09:16,2023-12-04 22:54,2,900,Pending
23929,1480,3,580,Single,50,1,1,2023-06-14 06:32,2023-06-24 01:47,9,450,Paid
23930,1481,4,581,Suite,150,1,2,2023-04-20 15:36,2023-04-23 18:07,3,450,Paid
23931,1482,1,582,Double,75,3,6,2023-09-21 00:22,2023-09-30 03:16,9,2025,Pending
23932,1483,2,583,Double,75,2,2,2023-07-19 08:46,2023-07-21 10:09,2,300,Paid
23933,1484,3,584,Single,50,1,1,2023-03-16 14:14,2023-03-25 19:37,9,450,Pending
23934,1485,2,585,Double,75,3,3,2023-11-09 06:12,2023-11-12 03:23,2,450,Pending
23935,1486,5,586,Double,75,1,2,2023-03-28 23:58,2023-04-05 14:40,7,525,Pending
23936,1487,2,587,Suite,150,3,12,2023-06-24 06:12,2023-06-26 14:02,2,900,Paid
23937,1488,2,588,Suite,150,2,4,2023-05-13 09:06,2023-05-17 16:57,4,1200,Pending
23938,1489,5,589,Double,75,3,6,2023-05-04 16:31,2023-05-08 23:39,4,900,Pending
23939,1490,5,590,Single,50,2,2,2023-11-12 17:55,2023-11-16 23:33,4,400,Paid
23940,1491,1,591,Double,75,1,1,2023-09-04 03:07,2023-09-07 00:20,2,150,Paid
23941,1492,1,592,Double,75,3,3,2023-10-29 18:03,2023-10-31 17:55,1,225,Pending
23942,1493,2,593,Suite,150,2,6,2023-02-09 09:58,2023-02-14 05:56,4,1200,Pending
23943,1494,3,594,Double,75,1,1,2023-11-01 20:25,2023-11-05 08:31,3,225,Pending
23944,1495,3,595,Single,50,1,1,2023-07-25 07:18,2023-08-04 01:54,9,450,Pending
23945,1496,5,596,Suite,150,2,4,2023-11-27 05:35,2023-11-28 14:15,1,300,Paid
23946,1497,3,597,Double,75,2,2,2023-01-13 08:39,2023-01-23 10:42,10,1500,Paid
23947,1498,4,598,Suite,150,2,2,2023-03-17 07:24,2023-03-23 21:54,6,1800,Pending
23948,1499,5,599,Suite,150,1,4,2023-02-10 14:56,2023-02-13 19:23,3,450,Paid
23949,1500,5,600,Double,75,1,2,2023-04-22 15:54,2023-04-25 11:30,2,150,Pending
23950,1501,5,601,Single,50,2,2,2023-04-07 13:36,2023-04-11 00:54,3,300,Pending
23951,1502,1,602,Single,50,1,1,2023-05-28 19:29,2023-05-30 22:46,2,100,Paid
23952,1503,3,603,Double,75,3,3,2023-08-30 20:29,2023-09-06 14:09,6,1350,Pending
23953,1504,2,604,Suite,150,3,12,2023-04-26 10:19,2023-04-27 22:40,1,450,Pending
23954,1505,5,605,Suite,150,1,3,2023-08-31 09:06,2023-09-07 09:46,7,1050,Paid
23955,1506,5,606,Suite,150,1,1,2023-04-13 00:46,2023-04-19 04:49,6,900,Paid
23956,1507,3,607,Double,75,2,4,2023-07-08 17:25,2023-07-13 05:59,4,600,Pending
23957,1508,5,608,Double,75,1,1,2023-01-02 12:27,2023-01-11 01:13,8,600,Pending
23958,1509,1,609,Suite,150,3,3,2023-03-16 07:07,2023-03-24 13:35,8,3600,Pending
23959,1510,2,610,Double,75,3,6,2023-12-04 14:12,2023-12-12 19:57,8,1800,Paid
23960,1511,2,611,Double,75,2,4,2023-10-09 21:57,2023-10-11 18:58,1,150,Pending
23961,1512,3,612,Suite,150,1,2,2023-09-15 23:56,2023-09-25 14:27,9,1350,Paid
23962,1513,3,613,Double,75,1,2,2023-08-28 14:41,2023-09-01 10:42,3,225,Pending
23963,1514,1,614,Double,75,2,4,2023-07-05 07:38,2023-07-08 11:19,3,450,Pending
23964,1515,3,615,Single,50,2,2,2023-03-23 19:50,2023-03-28 07:57,4,400,Paid
23965,1516,5,616,Double,75,3,3,2023-11-13 15:35,2023-11-23 15:02,9,2025,Pending
23966,1517,1,617,Single,50,1,1,2023-05-24 14:42,2023-05-27 16:43,3,150,Paid
23967,1518,3,618,Suite,150,3,3,2023-01-25 01:12,2023-01-29 23:43,4,1800,Pending
23968,1519,2,619,Single,50,2,2,2023-09-18 21:31,2023-09-20 10:44,1,100,Pending
23969,1520,1,620,Suite,150,2,6,2023-11-11 12:21,2023-11-20 06:50,8,2400,Paid
23970,1521,1,621,Single,50,1,1,2023-06-10 18:52,2023-06-20 20:05,10,500,Paid
23971,1522,5,622,Double,75,3,3,2023-07-09 11:39,2023-07-13 04:14,3,675,Paid
23972,1523,3,623,Double,75,1,2,2023-06-02 00:55,2023-06-08 08:15,6,450,Paid
23973,1524,3,624,Single,50,1,1,2023-07-06 06:08,2023-07-07 19:14,1,50,Pending
23974,1525,1,625,Single,50,3,3,2023-11-27 07:33,2023-12-04 18:02,7,1050,Paid
23975,1526,3,626,Single,50,3,3,2023-01-06 07:50,2023-01-15 19:25,9,1350,Pending
23976,1527,1,627,Single,50,1,1,2023-12-28 10:38,2023-12-30 16:54,2,100,Paid
23977,1528,1,628,Double,75,1,2,2023-07-29 04:43,2023-07-30 14:32,1,75,Paid
23978,1529,2,629,Suite,150,3,6,2023-08-01 15:17,2023-08-07 05:25,5,2250,Pending
23979,1530,4,630,Single,50,3,3,2023-03-17 16:52,2023-03-27 07:39,9,1350,Paid
23980,1531,2,631,Double,75,2,2,2023-02-13 07:18,2023-02-20 02:30,6,900,Pending
23981,1532,3,632,Suite,150,2,8,2023-09-06 07:33,2023-09-17 03:40,10,3000,Paid
23982,1533,4,633,Single,50,3,3,2023-09-14 13:25,2023-09-23 21:19,9,1350,Paid
23983,1534,1,634,Double,75,3,3,2023-11-29 23:56,2023-12-02 06:56,2,450,Paid
23984,1535,4,635,Single,50,3,3,2023-06-24 22:03,2023-06-26 23:57,2,300,Pending
23985,1536,5,636,Double,75,1,2,2023-04-02 23:15,2023-04-11 20:51,8,600,Paid
23986,1537,2,637,Suite,150,1,1,2023-11-26 05:06,2023-11-27 22:08,1,150,Pending
23987,1538,3,638,Suite,150,3,9,2023-09-15 15:12,2023-09-18 22:21,3,1350,Paid
23988,1539,4,639,Single,50,3,3,2023-09-22 16:06,2023-09-29 00:45,6,900,Paid
23989,1540,1,640,Suite,150,1,2,2023-02-09 23:22,2023-02-16 23:53,7,1050,Paid
23990,1541,5,641,Double,75,3,3,2023-02-01 18:46,2023-02-09 21:54,8,1800,Paid
23991,1542,3,642,Suite,150,1,1,2023-02-20 14:23,2023-03-02 08:23,9,1350,Pending
23992,1543,4,643,Double,75,2,4,2023-05-14 08:21,2023-05-19 20:12,5,750,Pending
23993,1544,5,644,Single,50,1,1,2023-08-05 11:51,2023-08-15 17:00,10,500,Pending
23994,1545,5,645,Suite,150,1,4,2023-08-30 07:10,2023-09-06 07:30,7,1050,Paid
23995,1546,4,646,Suite,150,3,12,2023-05-26 04:22,2023-06-02 10:45,7,3150,Pending
23996,1547,3,647,Suite,150,3,12,2023-09-25 06:12,2023-10-02 20:34,7,3150,Pending
23997,1548,4,648,Double,75,2,2,2023-05-04 22:06,2023-05-06 03:31,1,150,Pending
23998,1549,4,649,Double,75,1,2,2023-04-02 10:08,2023-04-10 02:24,7,525,Pending
23999,1550,3,650,Single,50,2,2,2023-04-22 02:21,2023-04-30 11:06,8,800,Paid
24000,1551,2,651,Single,50,1,1,2023-02-23 09:40,2023-03-03 15:48,8,400,Paid
24001,1552,3,652,Single,50,3,3,2023-03-17 06:47,2023-03-23 17:13,6,900,Pending
24002,1553,2,653,Suite,150,2,6,2023-03-06 12:23,2023-03-08 18:11,2,600,Paid
24003,1554,1,654,Double,75,2,4,2023-09-27 03:30,2023-10-03 12:57,6,900,Paid
24004,1555,5,655,Single,50,1,1,2023-07-08 16:34,2023-07-14 17:29,6,300,Pending
24005,1556,1,656,Single,50,1,1,2023-04-17 12:19,2023-04-21 06:50,3,150,Pending
24006,1557,5,657,Suite,150,3,3,2023-09-17 15:48,2023-09-24 23:52,7,3150,Paid
24007,1558,3,658,Suite,150,3,9,2023-06-01 06:30,2023-06-04 19:48,3,1350,Paid
24008,1559,3,659,Suite,150,2,6,2023-11-25 15:25,2023-11-28 03:15,2,600,Pending
24009,1560,5,660,Suite,150,1,4,2023-05-05 18:50,2023-05-09 01:02,3,450,Pending
24010,1561,5,661,Double,75,1,2,2023-09-21 23:31,2023-09-24 19:11,2,150,Pending
24011,1562,2,662,Double,75,3,6,2023-08-07 11:04,2023-08-17 02:48,9,2025,Paid
24012,1563,3,663,Suite,150,3,12,2023-07-06 11:06,2023-07-08 20:18,2,900,Pending
24013,1564,2,664,Double,75,1,2,2023-04-05 05:36,2023-04-15 05:56,10,750,Paid
24014,1565,1,665,Double,75,1,2,2023-04-09 11:07,2023-04-15 20:35,6,450,Pending
24015,1566,4,666,Single,50,1,1,2023-09-09 18:13,2023-09-18 21:57,9,450,Paid
24016,1567,5,667,Suite,150,2,4,2023-02-22 10:55,2023-02-24 05:34,1,300,Pending
24017,1568,2,668,Suite,150,3,12,2023-12-09 13:02,2023-12-11 04:17,1,450,Paid
24018,1569,1,669,Single,50,1,1,2023-08-15 11:03,2023-08-20 19:51,5,250,Paid
24019,1570,3,670,Double,75,3,6,2023-06-23 12:44,2023-06-30 16:04,7,1575,Pending
24020,1571,1,671,Suite,150,2,6,2023-10-31 03:49,2023-11-01 07:25,1,300,Paid
24021,1572,4,672,Double,75,2,4,2023-06-28 22:35,2023-07-05 06:18,6,900,Pending
24022,1573,4,673,Double,75,2,2,2023-07-24 07:57,2023-07-31 06:55,6,900,Paid
24023,1574,4,674,Double,75,2,4,2023-02-03 23:34,2023-02-08 01:23,4,600,Paid
24024,1575,2,675,Suite,150,2,8,2023-12-12 15:21,2023-12-15 13:00,2,600,Pending
24025,1576,1,676,Single,50,1,1,2023-07-05 20:55,2023-07-14 21:13,9,450,Paid
24026,1577,2,677,Single,50,3,3,2023-06-01 10:35,2023-06-06 03:39,4,600,Pending
24027,1578,1,678,Suite,150,1,4,2023-06-04 10:51,2023-06-10 18:43,6,900,Pending
24028,1579,4,679,Suite,150,3,12,2023-04-17 23:11,2023-04-25 21:56,7,3150,Pending
24029,1580,5,680,Double,75,3,6,2023-09-23 05:25,2023-09-25 01:32,1,225,Pending
24030,1581,2,681,Single,50,2,2,2023-10-22 14:07,2023-10-24 22:15,2,200,Pending
24031,1582,2,682,Suite,150,3,6,2023-07-04 11:58,2023-07-08 00:22,3,1350,Pending
24032,1583,3,683,Single,50,3,3,2023-11-16 20:39,2023-11-21 05:56,4,600,Pending
24033,1584,3,684,Suite,150,1,1,2023-06-16 21:42,2023-06-18 18:57,1,150,Pending
24034,1585,2,685,Suite,150,1,2,2023-05-07 03:14,2023-05-08 03:24,1,150,Pending
24035,1586,4,686,Suite,150,3,3,2023-03-08 09:27,2023-03-13 00:40,4,1800,Pending
24036,1587,5,687,Single,50,3,3,2023-05-11 19:12,2023-05-22 09:56,10,1500,Paid
24037,1588,2,688,Suite,150,1,3,2023-03-27 10:53,2023-04-06 00:36,9,1350,Pending
24038,1589,1,689,Double,75,3,6,2023-11-25 20:29,2023-12-04 00:42,8,1800,Pending
24039,1590,1,690,Suite,150,2,6,2023-02-23 01:35,2023-02-27 16:52,4,1200,Pending
24040,1591,4,691,Suite,150,3,3,2023-01-31 14:43,2023-02-06 12:26,5,2250,Paid
24041,1592,1,692,Double,75,1,1,2023-09-05 08:34,2023-09-07 14:05,2,150,Pending
24042,1593,3,693,Suite,150,2,6,2023-08-23 02:11,2023-08-30 06:10,7,2100,Paid
24043,1594,1,694,Double,75,1,2,2023-06-16 10:57,2023-06-25 17:58,9,675,Pending
24044,1595,2,695,Suite,150,3,6,2023-06-14 04:26,2023-06-22 05:40,8,3600,Pending
24045,1596,2,696,Single,50,3,3,2023-09-06 02:28,2023-09-08 09:54,2,300,Pending
24046,1597,3,697,Double,75,2,2,2023-03-27 14:26,2023-03-30 12:18,2,300,Paid
24047,1598,5,698,Single,50,3,3,2023-11-17 18:49,2023-11-28 00:14,10,1500,Pending
24048,1599,5,699,Suite,150,1,1,2023-10-13 19:54,2023-10-22 03:40,8,1200,Pending
24049,1600,3,700,Double,75,2,4,2023-05-23 17:27,2023-05-26 08:56,2,300,Pending
24050,1601,5,701,Suite,150,2,8,2023-10-08 05:18,2023-10-11 03:15,2,600,Paid
24051,1602,5,702,Double,75,1,1,2023-04-04 14:24,2023-04-05 19:29,1,75,Pending
24052,1603,2,703,Single,50,3,3,2023-09-08 04:26,2023-09-12 23:06,4,600,Paid
24053,1604,3,704,Single,50,1,1,2023-04-22 21:41,2023-05-01 20:04,8,400,Paid
24054,1605,5,705,Suite,150,3,6,2023-08-28 13:32,2023-09-02 15:16,5,2250,Pending
24055,1606,2,706,Single,50,3,3,2023-03-06 21:28,2023-03-17 09:51,10,1500,Pending
24056,1607,5,707,Single,50,3,3,2023-02-01 23:09,2023-02-04 05:37,2,300,Pending
24057,1608,2,708,Suite,150,1,2,2023-06-26 19:56,2023-07-06 07:45,9,1350,Paid
24058,1609,2,709,Double,75,1,1,2023-01-28 05:20,2023-02-04 18:26,7,525,Paid
24059,1610,5,710,Suite,150,2,8,2023-03-13 15:31,2023-03-19 01:22,5,1500,Pending
24060,1611,5,711,Double,75,1,1,2023-11-15 10:43,2023-11-19 21:53,4,300,Paid
24061,1612,1,712,Single,50,3,3,2023-09-01 12:42,2023-09-04 23:17,3,450,Pending
24062,1613,4,713,Double,75,1,1,2023-04-21 00:54,2023-04-30 11:05,9,675,Paid
24063,1614,3,714,Double,75,1,2,2023-10-09 08:02,2023-10-18 03:33,8,600,Pending
24064,1615,2,715,Single,50,2,2,2023-12-17 15:43,2023-12-26 13:07,8,800,Paid
24065,1616,2,716,Suite,150,3,6,2023-11-19 04:24,2023-11-29 15:56,10,4500,Paid
24066,1617,1,717,Single,50,3,3,2023-05-07 17:45,2023-05-15 14:26,7,1050,Pending
24067,1618,1,718,Double,75,3,6,2023-04-13 02:09,2023-04-16 03:12,3,675,Pending
24068,1619,4,719,Double,75,3,3,2023-12-10 23:28,2023-12-13 21:24,2,450,Paid
24069,1620,5,720,Suite,150,3,12,2023-09-10 01:22,2023-09-15 16:35,5,2250,Pending
24070,1621,3,721,Single,50,1,1,2023-02-25 22:12,2023-02-27 13:56,1,50,Paid
24071,1622,3,722,Single,50,1,1,2023-08-15 12:17,2023-08-23 18:39,8,400,Pending
24072,1623,1,723,Suite,150,1,2,2023-10-25 12:02,2023-11-03 11:05,8,1200,Paid
24073,1624,3,724,Suite,150,1,4,2023-02-08 01:39,2023-02-14 20:13,6,900,Paid
24074,1625,5,725,Single,50,3,3,2023-03-21 15:13,2023-03-28 10:55,6,900,Pending
24075,1626,4,726,Single,50,2,2,2023-12-30 00:43,2024-01-06 02:35,7,700,Paid
24076,1627,3,727,Suite,150,1,3,2023-02-08 01:02,2023-02-12 12:53,4,600,Pending
24077,1628,5,728,Double,75,3,3,2023-04-27 09:14,2023-05-03 16:45,6,1350,Paid
24078,1629,2,729,Single,50,1,1,2023-03-15 02:57,2023-03-19 02:14,3,150,Pending
24079,1630,5,730,Suite,150,1,3,2023-07-16 03:48,2023-07-25 18:13,9,1350,Pending
24080,1631,4,731,Suite,150,1,2,2023-01-03 22:25,2023-01-09 17:26,5,750,Paid
24081,1632,3,732,Double,75,3,3,2023-07-20 08:17,2023-07-22 06:48,1,225,Pending
24082,1633,3,733,Double,75,3,3,2023-11-24 04:39,2023-12-02 20:54,8,1800,Paid
24083,1634,4,734,Single,50,3,3,2023-06-09 16:13,2023-06-16 13:02,6,900,Paid
24084,1635,5,735,Double,75,3,3,2023-02-04 00:14,2023-02-07 10:51,3,675,Pending
24085,1636,1,736,Suite,150,2,4,2023-03-13 23:31,2023-03-21 21:41,7,2100,Pending
24086,1637,4,737,Single,50,1,1,2023-06-08 04:02,2023-06-09 13:07,1,50,Pending
24087,1638,3,738,Single,50,3,3,2023-02-09 10:44,2023-02-12 07:45,2,300,Pending
24088,1639,5,739,Single,50,1,1,2023-01-23 06:33,2023-02-01 15:36,9,450,Pending
24089,1640,3,740,Single,50,3,3,2023-05-12 13:32,2023-05-21 08:44,8,1200,Paid
24090,1641,4,741,Suite,150,1,1,2023-03-25 09:49,2023-04-04 16:23,10,1500,Pending
24091,1642,5,742,Double,75,2,2,2023-07-24 02:31,2023-07-27 21:49,3,450,Paid
24092,1643,4,743,Suite,150,2,4,2023-04-15 18:19,2023-04-18 10:42,2,600,Pending
24093,1644,5,744,Double,75,1,1,2023-04-30 14:13,2023-05-07 09:46,6,450,Paid
24094,1645,1,745,Double,75,1,1,2023-03-11 01:38,2023-03-19 07:36,8,600,Pending
24095,1646,4,746,Single,50,2,2,2023-02-08 10:37,2023-02-17 04:48,8,800,Pending
24096,1647,3,747,Single,50,3,3,2023-06-02 01:02,2023-06-05 20:29,3,450,Pending
24097,1648,4,748,Double,75,1,2,2023-07-25 20:07,2023-07-27 13:38,1,75,Pending
24098,1649,2,749,Double,75,2,4,2023-12-24 05:54,2023-12-30 02:34,5,750,Paid
24099,1650,3,750,Double,75,2,2,2023-11-20 01:38,2023-11-28 13:05,8,1200,Paid
24100,1651,1,751,Single,50,1,1,2023-11-20 04:03,2023-11-22 18:46,2,100,Pending
24101,1652,5,752,Suite,150,3,3,2023-07-30 22:49,2023-08-03 16:52,3,1350,Pending
24102,1653,3,753,Double,75,1,1,2023-11-12 04:59,2023-11-14 09:56,2,150,Pending
24103,1654,3,754,Suite,150,1,3,2023-03-23 22:19,2023-04-03 15:43,10,1500,Pending
24104,1655,4,755,Suite,150,3,9,2023-11-30 17:29,2023-12-02 01:15,1,450,Paid
24105,1656,5,756,Suite,150,1,4,2023-05-06 17:28,2023-05-09 13:27,2,300,Pending
24106,1657,4,757,Suite,150,3,3,2023-12-17 11:40,2023-12-25 22:20,8,3600,Paid
24107,1658,3,758,Suite,150,2,6,2023-07-30 00:17,2023-08-01 10:52,2,600,Pending
24108,1659,3,759,Double,75,1,2,2023-10-06 07:40,2023-10-10 18:39,4,300,Pending
24109,1660,1,760,Single,50,1,1,2023-02-01 04:26,2023-02-10 20:47,9,450,Pending
24110,1661,2,761,Suite,150,3,12,2023-12-16 07:27,2023-12-23 06:24,6,2700,Pending
24111,1662,2,762,Double,75,1,1,2023-05-03 15:33,2023-05-06 06:40,2,150,Paid
24112,1663,3,763,Double,75,3,3,2023-12-08 07:16,2023-12-13 00:44,4,900,Paid
24113,1664,4,764,Suite,150,3,3,2023-09-09 01:13,2023-09-17 10:38,8,3600,Paid
24114,1665,4,765,Double,75,1,1,2023-12-18 20:16,2023-12-21 14:20,2,150,Paid
24115,1666,1,766,Single,50,1,1,2023-02-01 14:34,2023-02-08 20:27,7,350,Paid
24116,1667,3,767,Single,50,3,3,2023-06-01 06:02,2023-06-10 18:43,9,1350,Paid
24117,1668,5,768,Single,50,2,2,2023-12-22 17:03,2024-01-02 05:57,10,1000,Paid
24118,1669,3,769,Single,50,3,3,2023-04-06 21:06,2023-04-12 23:50,6,900,Pending
24119,1670,3,770,Suite,150,2,2,2023-02-24 20:00,2023-02-28 13:47,3,900,Paid
24120,1671,5,771,Suite,150,2,4,2023-03-04 03:18,2023-03-14 12:10,10,3000,Pending
24121,1672,5,772,Single,50,1,1,2023-11-20 19:33,2023-11-25 17:14,4,200,Paid
24122,1673,5,773,Double,75,3,6,2023-08-17 07:23,2023-08-22 20:37,5,1125,Paid
24123,1674,3,774,Double,75,1,1,2023-09-09 16:43,2023-09-18 11:39,8,600,Paid
24124,1675,3,775,Suite,150,2,2,2023-11-10 22:47,2023-11-12 03:21,1,300,Paid
24125,1676,3,776,Double,75,1,1,2023-07-15 04:52,2023-07-19 04:09,3,225,Pending
24126,1677,4,777,Single,50,3,3,2023-12-21 15:11,2023-12-29 09:58,7,1050,Pending
24127,1678,4,778,Single,50,2,2,2023-05-08 06:04,2023-05-11 22:39,3,300,Paid
24128,1679,5,779,Suite,150,3,6,2023-10-05 04:26,2023-10-11 14:50,6,2700,Paid
24129,1680,4,780,Suite,150,3,3,2023-11-24 08:08,2023-12-02 01:01,7,3150,Pending
24130,1681,3,781,Suite,150,3,9,2023-11-28 20:23,2023-12-07 06:27,8,3600,Pending
24131,1682,1,782,Double,75,2,4,2023-06-26 13:37,2023-06-28 16:55,2,300,Paid
24132,1683,1,783,Suite,150,1,2,2023-10-24 09:38,2023-11-01 06:42,7,1050,Paid
24133,1684,1,784,Single,50,1,1,2023-09-15 10:18,2023-09-18 13:51,3,150,Paid
24134,1685,1,785,Double,75,2,4,2023-09-18 08:59,2023-09-25 15:16,7,1050,Pending
24135,1686,3,786,Double,75,3,3,2023-10-03 06:00,2023-10-10 19:08,7,1575,Paid
24136,1687,4,787,Single,50,3,3,2023-06-15 02:54,2023-06-18 07:16,3,450,Pending
24137,1688,1,788,Double,75,3,3,2023-08-14 07:18,2023-08-19 13:17,5,1125,Paid
24138,1689,3,789,Double,75,3,3,2023-04-03 14:28,2023-04-09 05:39,5,1125,Paid
24139,1690,2,790,Suite,150,3,9,2023-08-23 10:56,2023-08-27 05:50,3,1350,Paid
24140,1691,4,791,Single,50,2,2,2023-01-17 19:11,2023-01-20 21:56,3,300,Pending
24141,1692,5,792,Single,50,2,2,2023-04-24 17:16,2023-04-30 08:46,5,500,Pending
24142,1693,1,793,Suite,150,1,1,2023-11-02 23:37,2023-11-09 10:04,6,900,Paid
24143,1694,4,794,Double,75,2,2,2023-09-23 01:39,2023-09-29 04:50,6,900,Paid
24144,1695,2,795,Double,75,1,2,2023-08-11 19:51,2023-08-17 14:25,5,375,Paid
24145,1696,1,796,Suite,150,2,4,2023-06-19 19:23,2023-06-21 15:21,1,300,Paid
24146,1697,4,797,Double,75,1,2,2023-10-11 18:36,2023-10-16 18:26,4,300,Pending
24147,1698,5,798,Double,75,3,6,2023-06-12 02:57,2023-06-22 01:23,9,2025,Paid
24148,1699,4,799,Suite,150,3,9,2023-02-01 05:51,2023-02-07 03:24,5,2250,Paid
24149,1700,3,800,Suite,150,3,3,2023-02-14 08:03,2023-02-21 17:09,7,3150,Pending
24150,1701,3,801,Suite,150,2,4,2023-06-24 06:29,2023-07-01 17:48,7,2100,Paid
24151,1702,5,802,Single,50,3,3,2023-05-07 08:22,2023-05-11 21:25,4,600,Paid
24152,1703,2,803,Suite,150,3,3,2023-06-22 01:12,2023-07-01 16:21,9,4050,Pending
24153,1704,5,804,Double,75,2,2,2023-05-03 03:01,2023-05-13 19:57,10,1500,Paid
24154,1705,5,805,Single,50,1,1,2023-04-21 10:07,2023-04-23 11:03,2,100,Pending
24155,1706,4,806,Single,50,1,1,2023-03-28 15:15,2023-03-29 20:18,1,50,Pending
24156,1707,3,807,Suite,150,1,2,2023-05-21 04:32,2023-05-25 08:29,4,600,Paid
24157,1708,5,808,Double,75,3,6,2023-12-03 14:22,2023-12-05 06:04,1,225,Pending
24158,1709,4,809,Suite,150,1,2,2023-10-01 15:05,2023-10-09 01:01,7,1050,Pending
24159,1710,2,810,Suite,150,2,6,2023-03-21 08:14,2023-03-31 20:27,10,3000,Paid
24160,1711,5,811,Double,75,2,2,2023-06-12 08:38,2023-06-19 03:20,6,900,Pending
24161,1712,1,812,Suite,150,1,1,2023-05-02 08:23,2023-05-04 10:21,2,300,Paid
24162,1713,4,813,Single,50,3,3,2023-08-13 05:18,2023-08-22 13:22,9,1350,Pending
24163,1714,3,814,Double,75,3,6,2023-11-10 11:46,2023-11-18 08:45,7,1575,Paid
24164,1715,3,815,Single,50,1,1,2023-08-29 21:07,2023-09-03 22:54,5,250,Paid
24165,1716,4,816,Suite,150,1,2,2023-07-08 19:26,2023-07-16 11:05,7,1050,Pending
24166,1717,1,817,Suite,150,2,2,2023-03-03 23:58,2023-03-11 22:40,7,2100,Pending
24167,1718,3,818,Double,75,3,3,2023-04-24 17:47,2023-04-27 23:50,3,675,Paid
24168,1719,3,819,Suite,150,1,2,2023-08-15 07:58,2023-08-17 01:11,1,150,Pending
24169,1720,3,820,Double,75,3,3,2023-09-04 18:11,2023-09-08 00:33,3,675,Pending
24170,1721,1,821,Double,75,3,3,2023-01-29 01:48,2023-02-05 16:35,7,1575,Paid
24171,1722,1,822,Double,75,3,6,2023-01-24 20:54,2023-02-01 17:52,7,1575,Pending
24172,1723,1,823,Single,50,2,2,2023-08-27 03:07,2023-09-06 22:34,10,1000,Paid
24173,1724,4,824,Single,50,2,2,2023-08-21 02:04,2023-08-25 09:03,4,400,Pending
24174,1725,2,825,Suite,150,3,6,2023-02-04 02:14,2023-02-05 20:50,1,450,Pending
24175,1726,3,826,Double,75,3,6,2023-04-12 00:09,2023-04-19 16:35,7,1575,Paid
24176,1727,4,827,Single,50,1,1,2023-03-19 13:14,2023-03-20 15:11,1,50,Paid
24177,1728,4,828,Double,75,3,6,2023-09-08 05:50,2023-09-09 18:06,1,225,Paid
24178,1729,5,829,Double,75,2,4,2023-07-09 17:33,2023-07-13 07:46,3,450,Paid
24179,1730,4,830,Single,50,1,1,2023-02-21 22:39,2023-02-24 17:47,2,100,Pending
24180,1731,3,831,Single,50,1,1,2023-02-09 20:03,2023-02-19 06:12,9,450,Paid
24181,1732,2,832,Double,75,3,3,2023-08-01 02:12,2023-08-04 18:44,3,675,Paid
24182,1733,5,833,Suite,150,2,2,2023-05-21 13:20,2023-06-01 11:14,10,3000,Pending
24183,1734,5,834,Single,50,1,1,2023-06-20 03:15,2023-06-30 06:32,10,500,Paid
24184,1735,1,835,Suite,150,2,8,2023-12-13 03:13,2023-12-20 02:11,6,1800,Pending
24185,1736,3,836,Suite,150,2,6,2023-09-18 12:07,2023-09-28 18:12,10,3000,Pending
24186,1737,2,837,Double,75,2,4,2023-11-26 09:57,2023-12-01 00:58,4,600,Pending
24187,1738,5,838,Suite,150,1,3,2023-02-03 19:21,2023-02-09 03:05,5,750,Paid
24188,1739,4,839,Double,75,1,2,2023-05-24 08:28,2023-05-25 12:55,1,75,Pending
24189,1740,2,840,Double,75,3,3,2023-02-19 13:09,2023-02-23 22:50,4,900,Paid
24190,1741,1,841,Double,75,2,2,2023-06-09 00:23,2023-06-18 19:25,9,1350,Pending
24191,1742,4,842,Suite,150,2,8,2023-09-05 05:56,2023-09-07 22:33,2,600,Pending
24192,1743,5,843,Single,50,2,2,2023-05-17 07:29,2023-05-19 18:38,2,200,Paid
24193,1744,3,844,Double,75,1,1,2023-02-22 14:42,2023-03-03 11:51,8,600,Paid
24194,1745,4,845,Single,50,2,2,2023-10-27 09:45,2023-10-29 03:04,1,100,Paid
24195,1746,5,846,Double,75,3,3,2023-03-08 00:53,2023-03-16 04:02,8,1800,Pending
24196,1747,5,847,Single,50,1,1,2023-08-04 18:25,2023-08-13 08:05,8,400,Paid
24197,1748,3,848,Single,50,1,1,2023-09-27 11:01,2023-10-08 09:53,10,500,Pending
24198,1749,3,849,Single,50,3,3,2023-11-12 12:53,2023-11-18 02:33,5,750,Pending
24199,1750,3,850,Single,50,2,2,2023-10-09 02:41,2023-10-11 09:17,2,200,Pending
24200,1751,3,851,Suite,150,2,6,2023-12-13 18:35,2023-12-16 17:54,2,600,Paid
24201,1752,5,852,Suite,150,2,4,2023-09-06 03:58,2023-09-10 23:07,4,1200,Pending
24202,1753,4,853,Double,75,3,6,2023-01-03 11:57,2023-01-07 20:35,4,900,Paid
24203,1754,4,854,Single,50,1,1,2023-07-12 21:51,2023-07-18 15:54,5,250,Paid
24204,1755,2,855,Single,50,2,2,2023-11-26 21:40,2023-12-02 09:53,5,500,Pending
24205,1756,4,856,Suite,150,3,12,2023-04-30 03:19,2023-05-06 06:59,6,2700,Pending
24206,1757,4,857,Suite,150,3,6,2023-07-17 15:05,2023-07-19 04:09,1,450,Paid
24207,1758,4,858,Double,75,2,2,2023-08-31 13:42,2023-09-03 02:58,2,300,Paid
24208,1759,4,859,Single,50,2,2,2023-01-20 13:43,2023-01-22 01:42,1,100,Pending
24209,1760,4,860,Single,50,1,1,2023-02-05 14:18,2023-02-11 05:02,5,250,Pending
24210,1761,4,861,Suite,150,2,8,2023-03-24 02:44,2023-03-26 08:57,2,600,Paid
24211,1762,2,862,Suite,150,3,9,2023-05-08 16:10,2023-05-09 23:11,1,450,Pending
24212,1763,2,863,Suite,150,3,9,2023-12-23 10:49,2023-12-25 13:43,2,900,Pending
24213,1764,5,864,Suite,150,1,4,2023-01-18 07:46,2023-01-23 22:20,5,750,Pending
24214,1765,5,865,Double,75,3,6,2023-09-28 10:42,2023-10-07 21:29,9,2025,Pending
24215,1766,4,866,Suite,150,1,4,2023-12-10 13:31,2023-12-15 02:44,4,600,Pending
24216,1767,2,867,Single,50,1,1,2023-10-25 21:17,2023-11-02 23:54,8,400,Paid
24217,1768,3,868,Suite,150,3,12,2023-09-03 04:43,2023-09-05 20:55,2,900,Paid
24218,1769,4,869,Single,50,1,1,2023-01-03 01:34,2023-01-04 11:12,1,50,Paid
24219,1770,2,870,Double,75,1,1,2023-09-28 13:02,2023-10-05 13:17,7,525,Paid
24220,1771,4,871,Suite,150,3,9,2023-01-24 18:21,2023-02-02 09:08,8,3600,Pending
24221,1772,3,872,Suite,150,1,2,2023-08-10 20:09,2023-08-19 22:23,9,1350,Pending
24222,1773,3,873,Suite,150,2,8,2023-02-11 05:39,2023-02-19 00:21,7,2100,Pending
24223,1774,2,874,Single,50,3,3,2023-08-10 10:35,2023-08-19 13:55,9,1350,Pending
24224,1775,1,875,Double,75,1,1,2023-12-18 10:42,2023-12-24 07:09,5,375,Paid
24225,1776,4,876,Double,75,1,1,2023-11-04 07:11,2023-11-09 16:08,5,375,Paid
24226,1777,1,877,Double,75,3,3,2023-01-28 19:14,2023-02-05 00:54,7,1575,Pending
24227,1778,2,878,Double,75,1,2,2023-01-06 20:45,2023-01-16 08:14,9,675,Paid
24228,1779,2,879,Suite,150,1,1,2023-10-27 06:06,2023-11-07 03:35,10,1500,Paid
24229,1780,4,880,Suite,150,1,1,2023-05-01 23:51,2023-05-03 12:16,1,150,Paid
24230,1781,2,881,Single,50,1,1,2023-06-07 09:50,2023-06-12 00:34,4,200,Paid
24231,1782,3,882,Double,75,3,3,2023-10-17 06:44,2023-10-19 16:22,2,450,Pending
24232,1783,5,883,Double,75,2,4,2023-07-02 18:34,2023-07-04 14:10,1,150,Pending
24233,1784,4,884,Single,50,1,1,2023-02-04 12:05,2023-02-12 19:03,8,400,Pending
24234,1785,5,885,Double,75,1,1,2023-03-21 13:28,2023-03-31 23:33,10,750,Pending
24235,1786,3,886,Double,75,2,2,2023-12-22 02:30,2023-12-31 15:02,9,1350,Pending
24236,1787,1,887,Single,50,2,2,2023-07-19 21:51,2023-07-26 16:00,6,600,Paid
24237,1788,5,888,Suite,150,1,2,2023-04-21 05:40,2023-04-28 19:40,7,1050,Pending
24238,1789,3,889,Suite,150,3,9,2023-10-11 14:52,2023-10-14 09:57,2,900,Pending
24239,1790,5,890,Double,75,2,2,2023-10-14 18:47,2023-10-22 18:45,7,1050,Paid
24240,1791,1,891,Single,50,1,1,2023-08-06 18:00,2023-08-12 21:00,6,300,Paid
24241,1792,2,892,Suite,150,1,3,2023-10-10 19:54,2023-10-19 12:34,8,1200,Paid
24242,1793,2,893,Double,75,2,2,2023-05-12 15:43,2023-05-21 02:47,8,1200,Paid
24243,1794,4,894,Single,50,1,1,2023-11-02 23:40,2023-11-08 23:02,5,250,Pending
24244,1795,3,895,Single,50,1,1,2023-05-30 21:34,2023-06-06 19:06,6,300,Paid
24245,1796,1,896,Suite,150,1,1,2023-03-06 05:51,2023-03-15 01:00,8,1200,Pending
24246,1797,3,897,Suite,150,3,6,2023-05-14 20:57,2023-05-18 22:31,4,1800,Paid
24247,1798,1,898,Suite,150,3,9,2023-08-11 20:57,2023-08-18 11:21,6,2700,Paid
24248,1799,5,899,Single,50,3,3,2023-06-14 08:47,2023-06-21 06:16,6,900,Pending
24249,1800,1,900,Double,75,3,3,2023-02-23 21:09,2023-02-27 17:39,3,675,Pending
24250,1801,2,901,Double,75,3,6,2023-11-24 00:36,2023-11-28 00:12,3,675,Paid
24251,1802,3,902,Suite,150,2,6,2023-02-07 10:31,2023-02-09 18:53,2,600,Paid
24252,1803,5,903,Single,50,2,2,2023-07-24 02:31,2023-07-27 09:47,3,300,Pending
24253,1804,3,904,Double,75,3,3,2023-03-12 04:38,2023-03-16 19:30,4,900,Pending
24254,1805,4,905,Single,50,3,3,2023-06-04 09:30,2023-06-11 01:11,6,900,Paid
24255,1806,5,906,Double,75,1,1,2023-07-13 00:48,2023-07-21 15:03,8,600,Paid
24256,1807,1,907,Single,50,1,1,2023-12-13 00:21,2023-12-16 13:22,3,150,Pending
24257,1808,3,908,Suite,150,2,6,2023-02-27 23:32,2023-03-06 11:41,6,1800,Paid
24258,1809,5,909,Suite,150,2,4,2023-09-11 12:36,2023-09-13 11:45,1,300,Pending
24259,1810,5,910,Single,50,2,2,2023-01-28 23:35,2023-02-06 17:52,8,800,Pending
24260,1811,5,911,Suite,150,1,4,2023-10-05 05:16,2023-10-08 14:55,3,450,Paid
24261,1812,5,912,Single,50,1,1,2023-03-16 21:53,2023-03-17 22:38,1,50,Paid
24262,1813,5,913,Suite,150,2,8,2023-06-10 13:31,2023-06-12 08:20,1,300,Paid
24263,1814,5,914,Suite,150,2,2,2023-07-10 08:04,2023-07-13 15:06,3,900,Paid
24264,1815,1,915,Single,50,2,2,2023-08-04 04:20,2023-08-12 19:10,8,800,Paid
24265,1816,5,916,Double,75,3,6,2023-06-30 05:10,2023-07-09 19:45,9,2025,Pending
24266,1817,1,917,Single,50,1,1,2023-11-03 14:35,2023-11-13 13:45,9,450,Pending
24267,1818,5,918,Single,50,2,2,2023-04-04 07:32,2023-04-12 13:47,8,800,Pending
24268,1819,3,919,Double,75,2,2,2023-05-26 16:59,2023-06-03 09:01,7,1050,Paid
24269,1820,3,920,Double,75,1,2,2023-02-25 15:08,2023-02-27 11:50,1,75,Paid
24270,1821,2,921,Double,75,1,2,2023-09-26 04:55,2023-09-27 13:10,1,75,Paid
24271,1822,1,922,Suite,150,2,6,2023-12-30 21:40,2024-01-04 05:25,4,1200,Pending
24272,1823,2,923,Single,50,3,3,2023-06-05 20:33,2023-06-09 10:06,3,450,Pending
24273,1824,4,924,Suite,150,2,4,2023-07-18 15:05,2023-07-24 16:40,6,1800,Pending
24274,1825,3,925,Double,75,3,6,2023-02-28 05:52,2023-03-01 07:15,1,225,Pending
24275,1826,3,926,Single,50,1,1,2023-10-13 10:42,2023-10-21 09:33,7,350,Paid
24276,1827,5,927,Suite,150,3,9,2023-07-15 22:07,2023-07-22 17:26,6,2700,Paid
24277,1828,4,928,Single,50,3,3,2023-12-11 04:41,2023-12-20 15:59,9,1350,Pending
24278,1829,3,929,Suite,150,3,6,2023-06-05 13:40,2023-06-06 21:58,1,450,Paid
24279,1830,4,930,Single,50,1,1,2023-10-09 02:51,2023-10-11 05:57,2,100,Pending
24280,1831,4,931,Single,50,3,3,2023-01-26 09:19,2023-02-04 23:21,9,1350,Pending
24281,1832,2,932,Double,75,1,2,2023-01-09 11:01,2023-01-14 22:31,5,375,Pending
24282,1833,3,933,Double,75,3,3,2023-01-14 04:18,2023-01-16 13:42,2,450,Paid
24283,1834,1,934,Single,50,3,3,2023-05-14 00:23,2023-05-23 13:39,9,1350,Paid
24284,1835,4,935,Double,75,2,2,2023-10-12 23:53,2023-10-21 06:46,8,1200,Paid
24285,1836,4,936,Double,75,2,2,2023-06-14 18:36,2023-06-23 20:41,9,1350,Paid
24286,1837,1,937,Single,50,2,2,2023-08-07 19:42,2023-08-13 03:45,5,500,Paid
24287,1838,4,938,Suite,150,2,8,2023-06-12 21:24,2023-06-17 13:11,4,1200,Paid
24288,1839,4,939,Single,50,1,1,2023-04-10 10:15,2023-04-15 08:06,4,200,Paid
24289,1840,5,940,Suite,150,3,12,2023-06-12 08:35,2023-06-22 19:52,10,4500,Paid
24290,1841,1,941,Double,75,2,4,2023-08-16 04:50,2023-08-18 07:09,2,300,Paid
24291,1842,1,942,Suite,150,3,12,2023-10-09 08:35,2023-10-10 10:20,1,450,Paid
24292,1843,1,943,Suite,150,1,2,2024-01-01 07:13,2024-01-04 21:32,3,450,Paid
24293,1844,1,944,Suite,150,3,6,2023-11-24 05:41,2023-11-30 11:22,6,2700,Pending
24294,1845,1,945,Double,75,3,3,2023-12-07 15:04,2023-12-13 12:36,5,1125,Paid
24295,1846,2,946,Suite,150,1,1,2023-04-06 20:18,2023-04-14 14:36,7,1050,Paid
24296,1847,3,947,Single,50,3,3,2023-03-08 11:33,2023-03-18 12:07,10,1500,Paid
24297,1848,1,948,Single,50,3,3,2023-11-16 16:02,2023-11-22 07:59,5,750,Pending
24298,1849,1,949,Double,75,2,4,2023-04-10 22:22,2023-04-20 15:28,9,1350,Pending
24299,1850,4,950,Suite,150,2,4,2023-11-05 21:24,2023-11-09 17:56,3,900,Paid
24300,1851,3,951,Suite,150,2,2,2023-07-03 20:54,2023-07-07 17:41,3,900,Pending
24301,1852,1,952,Suite,150,2,2,2023-03-22 14:34,2023-03-25 21:57,3,900,Pending
24302,1853,1,953,Single,50,1,1,2023-10-06 18:39,2023-10-11 17:44,4,200,Pending
24303,1854,4,954,Suite,150,1,2,2023-02-18 08:04,2023-02-26 12:47,8,1200,Pending
24304,1855,1,955,Suite,150,2,4,2023-12-01 01:51,2023-12-05 00:12,3,900,Paid
24305,1856,2,956,Single,50,3,3,2023-07-02 18:22,2023-07-13 04:24,10,1500,Pending
24306,1857,1,957,Double,75,3,6,2023-04-26 15:38,2023-04-29 18:49,3,675,Pending
24307,1858,5,958,Suite,150,2,8,2023-10-19 23:23,2023-10-23 01:02,3,900,Paid
24308,1859,3,959,Double,75,1,1,2023-08-06 19:01,2023-08-09 18:12,2,150,Pending
24309,1860,1,960,Double,75,2,4,2023-11-20 19:13,2023-12-01 01:16,10,1500,Pending
24310,1861,3,961,Single,50,1,1,2023-02-23 10:24,2023-02-26 11:52,3,150,Pending
24311,1862,3,962,Double,75,1,2,2023-09-02 01:16,2023-09-06 20:53,4,300,Paid
24312,1863,5,963,Suite,150,2,4,2023-10-16 00:35,2023-10-17 08:47,1,300,Paid
24313,1864,1,964,Double,75,1,1,2023-12-12 00:57,2023-12-13 16:26,1,75,Paid
24314,1865,2,965,Single,50,3,3,2023-09-19 00:38,2023-09-29 20:57,10,1500,Pending
24315,1866,5,966,Double,75,3,3,2023-12-30 14:01,2024-01-01 04:35,1,225,Pending
24316,1867,1,967,Suite,150,1,1,2023-10-08 22:27,2023-10-10 13:28,1,150,Paid
24317,1868,3,968,Suite,150,3,3,2023-05-28 12:06,2023-06-06 09:00,8,3600,Paid
24318,1869,5,969,Double,75,3,3,2023-06-20 21:44,2023-06-26 18:23,5,1125,Paid
24319,1870,1,970,Single,50,3,3,2023-04-25 12:59,2023-05-01 16:08,6,900,Pending
24320,1871,4,971,Suite,150,3,12,2023-12-03 21:48,2023-12-06 12:28,2,900,Pending
24321,1872,5,972,Suite,150,3,9,2023-01-23 08:44,2023-02-01 10:33,9,4050,Pending
24322,1873,5,973,Suite,150,2,2,2023-06-27 22:27,2023-07-03 14:31,5,1500,Paid
24323,1874,1,974,Double,75,3,6,2023-11-04 11:38,2023-11-09 04:09,4,900,Pending
24324,1875,4,975,Single,50,3,3,2023-08-31 12:44,2023-09-07 14:17,7,1050,Paid
24325,1876,2,976,Double,75,2,2,2023-05-27 09:00,2023-05-30 06:28,2,300,Pending
24326,1877,3,977,Suite,150,3,3,2023-04-21 08:44,2023-04-27 03:17,5,2250,Pending
24327,1878,4,978,Single,50,3,3,2023-10-29 02:31,2023-11-03 07:55,5,750,Pending
24328,1879,3,979,Suite,150,2,6,2023-08-18 10:10,2023-08-19 11:05,1,300,Paid
24329,1880,5,980,Double,75,3,6,2023-09-15 08:10,2023-09-23 14:41,8,1800,Paid
24330,1881,3,981,Double,75,1,2,2023-08-02 05:48,2023-08-05 11:03,3,225,Pending
24331,1882,1,982,Suite,150,2,6,2023-03-20 06:58,2023-03-30 11:21,10,3000,Paid
24332,1883,5,983,Suite,150,3,6,2023-07-22 20:16,2023-07-30 06:37,7,3150,Paid
24333,1884,4,984,Suite,150,2,8,2023-04-12 09:45,2023-04-19 06:56,6,1800,Paid
24334,1885,5,985,Suite,150,3,3,2023-03-24 04:20,2023-03-25 18:40,1,450,Pending
24335,1886,3,986,Suite,150,2,2,2023-11-18 20:55,2023-11-25 08:05,6,1800,Pending
24336,1887,1,987,Suite,150,1,2,2023-01-10 12:53,2023-01-12 08:13,1,150,Pending
24337,1888,2,988,Suite,150,1,3,2023-07-02 21:07,2023-07-09 20:23,6,900,Paid
24338,1889,1,989,Double,75,1,1,2023-06-24 19:23,2023-07-02 12:47,7,525,Pending
24339,1890,2,990,Suite,150,1,4,2023-08-18 17:48,2023-08-21 07:44,2,300,Pending
24340,1891,4,991,Double,75,3,6,2023-04-18 06:19,2023-04-21 20:37,3,675,Paid
24341,1892,1,992,Suite,150,2,8,2023-07-18 13:22,2023-07-26 17:47,8,2400,Pending
24342,1893,2,993,Double,75,2,4,2023-10-17 07:00,2023-10-22 19:08,5,750,Paid
24343,1894,1,994,Double,75,2,4,2023-12-31 07:10,2024-01-03 08:19,3,450,Paid
24344,1895,5,995,Double,75,1,2,2023-05-28 14:05,2023-06-06 14:38,9,675,Pending
24345,1896,5,996,Double,75,2,4,2023-08-28 06:32,2023-09-07 13:26,10,1500,Paid
24346,1897,5,997,Double,75,3,3,2023-09-10 19:14,2023-09-20 01:26,9,2025,Paid
24347,1898,4,998,Double,75,3,6,2023-06-09 23:27,2023-06-17 12:35,7,1575,Pending
24348,1899,5,999,Double,75,2,2,2023-09-26 07:48,2023-10-03 21:52,7,1050,Paid
24349,1900,1,1000,Double,75,2,2,2023-04-19 02:57,2023-04-29 09:12,10,1500,Paid
24350,1901,3,1001,Double,75,2,2,2023-07-31 08:59,2023-08-06 17:47,6,900,Paid
24351,1902,5,1002,Double,75,1,1,2023-07-15 21:58,2023-07-21 07:50,5,375,Pending
24352,1903,1,1003,Double,75,3,6,2023-11-15 16:14,2023-11-22 21:22,7,1575,Paid
24353,1904,1,1004,Suite,150,1,4,2023-10-01 08:52,2023-10-11 03:12,9,1350,Pending
24354,1905,1,1005,Suite,150,1,3,2023-05-11 13:45,2023-05-19 08:51,7,1050,Pending
24355,1906,3,1006,Double,75,2,2,2023-05-03 08:54,2023-05-09 01:35,5,750,Pending
24356,1907,4,1007,Suite,150,2,6,2023-05-11 20:43,2023-05-19 08:02,7,2100,Paid
24357,1908,4,1008,Double,75,1,1,2023-11-06 02:32,2023-11-07 06:23,1,75,Pending
24358,1909,1,1009,Single,50,2,2,2023-01-01 01:27,2023-01-04 18:35,3,300,Paid
24359,1910,5,1010,Single,50,3,3,2023-09-22 21:39,2023-10-01 13:11,8,1200,Pending
24360,1911,3,1011,Single,50,1,1,2023-10-13 21:37,2023-10-19 11:22,5,250,Paid
24361,1912,5,1012,Double,75,3,6,2023-06-14 15:44,2023-06-24 07:05,9,2025,Paid
24362,1913,5,1013,Suite,150,1,1,2023-04-16 13:07,2023-04-24 17:30,8,1200,Paid
24363,1914,5,1014,Double,75,1,1,2023-09-29 19:30,2023-10-03 18:44,3,225,Pending
24364,1915,4,1015,Double,75,3,6,2023-10-31 11:44,2023-11-09 00:48,8,1800,Paid
24365,1916,3,1016,Suite,150,3,12,2023-03-09 21:47,2023-03-18 23:40,9,4050,Paid
24366,1917,3,1017,Suite,150,2,8,2023-05-13 09:52,2023-05-21 02:36,7,2100,Paid
24367,1918,1,1018,Suite,150,2,4,2023-06-12 20:10,2023-06-18 01:22,5,1500,Paid
24368,1919,1,1019,Double,75,3,6,2023-08-26 17:59,2023-08-28 12:34,1,225,Pending
24369,1920,2,1020,Suite,150,3,12,2023-12-29 10:18,2024-01-03 06:37,4,1800,Paid
24370,1921,5,1021,Single,50,2,2,2023-07-08 16:07,2023-07-12 08:49,3,300,Paid
24371,1922,3,1022,Single,50,3,3,2023-08-19 14:01,2023-08-29 01:37,9,1350,Paid
24372,1923,5,1023,Single,50,3,3,2023-12-03 01:42,2023-12-10 06:42,7,1050,Paid
24373,1924,3,1024,Suite,150,3,12,2023-05-26 15:51,2023-05-31 17:55,5,2250,Paid
24374,1925,5,1025,Single,50,2,2,2023-12-12 07:50,2023-12-21 05:31,8,800,Paid
24375,1926,4,1026,Single,50,1,1,2023-07-16 01:37,2023-07-21 16:35,5,250,Pending
24376,1927,2,1027,Suite,150,1,1,2023-07-17 16:24,2023-07-21 01:42,3,450,Pending
24377,1928,1,1028,Single,50,2,2,2023-02-15 00:30,2023-02-22 05:36,7,700,Paid
24378,1929,2,1029,Double,75,3,3,2023-11-11 18:13,2023-11-13 03:47,1,225,Paid
24379,1930,3,1030,Double,75,1,2,2023-04-10 01:12,2023-04-19 11:16,9,675,Pending
24380,1931,3,1031,Suite,150,3,9,2023-01-15 00:54,2023-01-16 02:42,1,450,Pending
24381,1932,4,1032,Single,50,1,1,2023-04-18 05:32,2023-04-23 12:19,5,250,Paid
24382,1933,5,1033,Double,75,1,2,2023-07-10 00:07,2023-07-16 01:31,6,450,Pending
24383,1934,5,1034,Double,75,1,2,2023-04-25 20:20,2023-05-06 07:49,10,750,Paid
24384,1935,1,1035,Single,50,1,1,2023-04-02 10:23,2023-04-12 20:33,10,500,Paid
24385,1936,2,1036,Single,50,3,3,2023-07-20 12:40,2023-07-25 16:50,5,750,Paid
24386,1937,3,1037,Double,75,2,4,2023-08-02 19:34,2023-08-13 15:42,10,1500,Pending
24387,1938,5,1038,Double,75,1,2,2023-03-13 20:52,2023-03-17 20:08,3,225,Paid
24388,1939,5,1039,Double,75,2,4,2023-08-06 20:16,2023-08-08 11:44,1,150,Paid
24389,1940,1,1040,Single,50,2,2,2023-07-29 09:26,2023-08-04 09:43,6,600,Paid
24390,1941,4,1041,Double,75,3,6,2023-06-10 07:09,2023-06-14 20:04,4,900,Pending
24391,1942,5,1042,Single,50,2,2,2023-06-11 02:50,2023-06-14 18:19,3,300,Paid
24392,1943,5,1043,Suite,150,3,6,2023-02-14 14:34,2023-02-17 14:05,2,900,Pending
24393,1944,1,1044,Double,75,2,2,2023-11-14 15:47,2023-11-25 08:39,10,1500,Pending
24394,1945,3,1045,Double,75,1,2,2023-02-11 00:40,2023-02-16 23:52,5,375,Pending
24395,1946,1,1046,Single,50,1,1,2023-10-05 02:06,2023-10-13 10:00,8,400,Pending
24396,1947,5,1047,Double,75,3,6,2023-04-01 17:35,2023-04-08 02:01,6,1350,Paid
24397,1948,3,1048,Double,75,1,2,2023-06-17 06:03,2023-06-28 05:19,10,750,Pending
24398,1949,5,1049,Suite,150,3,6,2023-07-25 03:34,2023-07-30 19:45,5,2250,Pending
24399,1950,2,1050,Suite,150,2,6,2023-03-19 21:35,2023-03-25 17:07,5,1500,Pending
24400,1951,3,1051,Suite,150,1,1,2023-05-16 10:02,2023-05-19 13:33,3,450,Paid
24401,1952,2,1052,Single,50,1,1,2023-09-20 09:45,2023-09-25 11:33,5,250,Pending
24402,1953,1,1053,Double,75,2,2,2023-01-14 00:34,2023-01-15 19:54,1,150,Pending
24403,1954,2,1054,Single,50,1,1,2023-06-01 13:43,2023-06-08 21:25,7,350,Paid
24404,1955,3,1055,Suite,150,2,4,2023-03-11 23:14,2023-03-19 04:40,7,2100,Pending
24405,1956,1,1056,Single,50,1,1,2023-05-11 11:15,2023-05-21 12:09,10,500,Pending
24406,1957,2,1057,Suite,150,2,2,2023-11-11 08:52,2023-11-22 08:06,10,3000,Paid
24407,1958,3,1058,Double,75,2,2,2023-07-13 08:05,2023-07-19 13:13,6,900,Pending
24408,1959,4,1059,Double,75,3,6,2023-05-03 13:25,2023-05-06 20:41,3,675,Pending
24409,1960,3,1060,Suite,150,2,2,2023-04-22 09:52,2023-05-01 13:36,9,2700,Paid
24410,1961,2,1061,Suite,150,2,8,2023-05-05 21:30,2023-05-09 02:07,3,900,Pending
24411,1962,4,1062,Suite,150,1,2,2023-08-11 08:05,2023-08-14 12:55,3,450,Pending
24412,1963,1,1063,Single,50,1,1,2023-10-11 20:10,2023-10-21 14:51,9,450,Pending
24413,1964,4,1064,Single,50,3,3,2023-01-12 00:11,2023-01-17 11:38,5,750,Pending
24414,1965,4,1065,Suite,150,1,4,2023-09-28 16:28,2023-10-05 11:37,6,900,Pending
24415,1966,1,1066,Suite,150,2,6,2023-01-15 11:58,2023-01-25 01:29,9,2700,Pending
24416,1967,2,1067,Single,50,1,1,2023-05-25 00:23,2023-05-30 17:03,5,250,Pending
24417,1968,1,1068,Suite,150,1,4,2023-11-28 01:30,2023-12-03 05:28,5,750,Pending
24418,1969,2,1069,Double,75,1,2,2023-01-23 15:26,2023-01-31 18:20,8,600,Pending
24419,1970,5,1070,Suite,150,3,12,2023-08-10 10:21,2023-08-14 18:02,4,1800,Pending
24420,1971,1,1071,Suite,150,2,6,2023-07-30 11:20,2023-08-02 10:12,2,600,Paid
24421,1972,1,1072,Single,50,2,2,2023-09-21 11:36,2023-09-26 22:03,5,500,Pending
24422,1973,4,1073,Suite,150,2,6,2023-05-20 23:22,2023-05-26 07:50,5,1500,Pending
24423,1974,2,1074,Suite,150,3,3,2023-02-02 12:30,2023-02-11 21:08,9,4050,Paid
24424,1975,1,1075,Suite,150,1,4,2023-11-15 03:11,2023-11-18 03:58,3,450,Paid
24425,1976,3,1076,Suite,150,1,3,2023-07-27 11:29,2023-07-30 06:32,2,300,Paid
24426,1977,5,1077,Double,75,2,4,2023-09-25 15:41,2023-09-27 20:29,2,300,Pending
24427,1978,5,1078,Single,50,3,3,2023-04-11 09:43,2023-04-14 17:36,3,450,Pending
24428,1979,5,1079,Suite,150,3,12,2023-08-08 16:53,2023-08-17 03:26,8,3600,Pending
24429,1980,3,1080,Suite,150,2,2,2023-05-02 17:36,2023-05-06 03:39,3,900,Pending
24430,1981,1,1081,Suite,150,3,6,2023-02-20 07:22,2023-03-02 07:53,10,4500,Pending
24431,1982,5,1082,Single,50,2,2,2023-01-29 13:56,2023-02-06 21:15,8,800,Pending
24432,1983,3,1083,Single,50,1,1,2023-05-14 10:11,2023-05-22 07:32,7,350,Paid
24433,1984,1,1084,Single,50,1,1,2023-07-29 05:26,2023-08-08 05:56,10,500,Pending
24434,1985,5,1085,Suite,150,2,6,2023-02-09 06:01,2023-02-15 14:52,6,1800,Pending
24435,1986,1,1086,Single,50,2,2,2023-11-15 09:59,2023-11-21 00:37,5,500,Paid
24436,1987,3,1087,Suite,150,1,2,2023-01-06 23:24,2023-01-17 04:22,10,1500,Paid
24437,1988,2,1088,Single,50,3,3,2023-10-06 13:00,2023-10-15 03:51,8,1200,Paid
24438,1989,1,1089,Double,75,2,2,2023-11-21 07:58,2023-12-01 12:15,10,1500,Pending
24439,1990,1,1090,Double,75,2,2,2023-03-31 20:25,2023-04-08 12:25,7,1050,Pending
24440,1991,4,1091,Single,50,1,1,2023-04-08 05:45,2023-04-16 07:23,8,400,Paid
24441,1992,2,1092,Single,50,3,3,2023-11-03 06:03,2023-11-08 02:45,4,600,Pending
24442,1993,4,1093,Suite,150,2,8,2023-07-02 19:17,2023-07-12 03:49,9,2700,Pending
24443,1994,1,1094,Single,50,3,3,2023-09-30 21:32,2023-10-11 05:24,10,1500,Paid
24444,1995,5,1095,Suite,150,1,2,2023-07-15 16:34,2023-07-22 06:59,6,900,Paid
24445,1996,5,1096,Double,75,3,3,2023-08-16 16:21,2023-08-18 15:23,1,225,Paid
24446,1997,3,1097,Double,75,1,1,2023-08-01 14:08,2023-08-09 18:57,8,600,Paid
24447,1998,5,1098,Single,50,2,2,2023-02-19 02:21,2023-02-22 19:59,3,300,Paid
24448,1999,2,1099,Suite,150,3,12,2023-02-09 00:40,2023-02-17 23:37,8,3600,Paid
24449,2000,1,1100,Single,50,3,3,2023-01-26 15:17,2023-02-04 11:38,8,1200,Pending
24450,2001,1,1094,Single,50,3,3,2023-09-30 21:32,2023-10-11 05:24,10,1500,Paid
24451,2002,1,960,Double,75,2,4,2023-11-20 19:13,2023-12-01 01:16,10,1500,Pending
24452,2003,4,399,Single,50,3,3,2023-11-11 06:17,2023-11-12 13:50,1,150,Paid
24453,2004,1,654,Double,75,2,4,2023-09-27 03:30,2023-10-03 12:57,6,900,Paid
24454,2005,5,773,Double,75,3,6,2023-08-17 07:23,2023-08-22 20:37,5,1125,Paid
24455,2006,1,1072,Single,50,2,2,2023-09-21 11:36,2023-09-26 22:03,5,500,Pending
24456,2007,3,128,Single,50,3,3,2023-03-28 10:15,2023-04-06 07:58,8,1200,Pending
24457,2008,3,332,Single,50,3,3,2023-04-27 11:35,2023-05-05 23:31,8,1200,Pending
24458,2009,4,407,Single,50,3,3,2023-04-16 06:39,2023-04-22 01:29,5,750,Pending
24459,2010,3,807,Suite,150,1,2,2023-05-21 04:32,2023-05-25 08:29,4,600,Paid
